marker_0_x,marker_0_y,marker_0_z,marker_1_x,marker_1_y,marker_1_z,marker_2_x,marker_2_y,marker_2_z,marker_3_x,marker_3_y,marker_3_z,marker_4_x,marker_4_y,marker_4_z,marker_5_x,marker_5_y,marker_5_z,marker_6_x,marker_6_y,marker_6_z,marker_7_x,marker_7_y,marker_7_z,marker_8_x,marker_8_y,marker_8_z,marker_9_x,marker_9_y,marker_9_z,marker_10_x,marker_10_y,marker_10_z,marker_11_x,marker_11_y,marker_11_z,marker_12_x,marker_12_y,marker_12_z,marker_13_x,marker_13_y,marker_13_z,marker_14_x,marker_14_y,marker_14_z,marker_15_x,marker_15_y,marker_15_z,marker_16_x,marker_16_y,marker_16_z,marker_17_x,marker_17_y,marker_17_z,marker_18_x,marker_18_y,marker_18_z,marker_19_x,marker_19_y,marker_19_z,marker_20_x,marker_20_y,marker_20_z,marker_21_x,marker_21_y,marker_21_z,marker_22_x,marker_22_y,marker_22_z,marker_23_x,marker_23_y,marker_23_z,marker_24_x,marker_24_y,marker_24_z,marker_25_x,marker_25_y,marker_25_z,marker_26_x,marker_26_y,marker_26_z,marker_27_x,marker_27_y,marker_27_z,marker_28_x,marker_28_y,marker_28_z,marker_29_x,marker_29_y,marker_29_z,marker_30_x,marker_30_y,marker_30_z,marker_31_x,marker_31_y,marker_31_z,marker_32_x,marker_32_y,marker_32_z,marker_33_x,marker_33_y,marker_33_z,marker_34_x,marker_34_y,marker_34_z,marker_35_x,marker_35_y,marker_35_z,marker_36_x,marker_36_y,marker_36_z,marker_37_x,marker_37_y,marker_37_z,marker_38_x,marker_38_y,marker_38_z,marker_39_x,marker_39_y,marker_39_z,marker_40_x,marker_40_y,marker_40_z,marker_41_x,marker_41_y,marker_41_z,marker_42_x,marker_42_y,marker_42_z,marker_43_x,marker_43_y,marker_43_z,marker_44_x,marker_44_y,marker_44_z,marker_45_x,marker_45_y,marker_45_z,marker_46_x,marker_46_y,marker_46_z,marker_47_x,marker_47_y,marker_47_z,marker_48_x,marker_48_y,marker_48_z,marker_49_x,marker_49_y,marker_49_z,marker_50_x,marker_50_y,marker_50_z,marker_51_x,marker_51_y,marker_51_z,marker_52_x,marker_52_y,marker_52_z,marker_53_x,marker_53_y,marker_53_z,marker_54_x,marker_54_y,marker_54_z,marker_55_x,marker_55_y,marker_55_z,marker_56_x,marker_56_y,marker_56_z,marker_57_x,marker_57_y,marker_57_z,marker_58_x,marker_58_y,marker_58_z,marker_59_x,marker_59_y,marker_59_z,marker_60_x,marker_60_y,marker_60_z,marker_61_x,marker_61_y,marker_61_z,marker_62_x,marker_62_y,marker_62_z,marker_63_x,marker_63_y,marker_63_z,marker_64_x,marker_64_y,marker_64_z,marker_65_x,marker_65_y,marker_65_z,marker_66_x,marker_66_y,marker_66_z,marker_67_x,marker_67_y,marker_67_z,marker_68_x,marker_68_y,marker_68_z,marker_69_x,marker_69_y,marker_69_z,marker_70_x,marker_70_y,marker_70_z,marker_71_x,marker_71_y,marker_71_z,marker_72_x,marker_72_y,marker_72_z,marker_73_x,marker_73_y,marker_73_z,marker_74_x,marker_74_y,marker_74_z,marker_75_x,marker_75_y,marker_75_z,marker_76_x,marker_76_y,marker_76_z,marker_77_x,marker_77_y,marker_77_z,marker_78_x,marker_78_y,marker_78_z,marker_79_x,marker_79_y,marker_79_z,marker_80_x,marker_80_y,marker_80_z,marker_81_x,marker_81_y,marker_81_z,marker_82_x,marker_82_y,marker_82_z,marker_83_x,marker_83_y,marker_83_z,marker_84_x,marker_84_y,marker_84_z,marker_85_x,marker_85_y,marker_85_z,marker_86_x,marker_86_y,marker_86_z,marker_87_x,marker_87_y,marker_87_z,marker_88_x,marker_88_y,marker_88_z,marker_89_x,marker_89_y,marker_89_z,marker_90_x,marker_90_y,marker_90_z,marker_91_x,marker_91_y,marker_91_z,marker_92_x,marker_92_y,marker_92_z,marker_93_x,marker_93_y,marker_93_z,marker_94_x,marker_94_y,marker_94_z,marker_95_x,marker_95_y,marker_95_z,marker_96_x,marker_96_y,marker_96_z,marker_97_x,marker_97_y,marker_97_z,marker_98_x,marker_98_y,marker_98_z,marker_99_x,marker_99_y,marker_99_z,marker_100_x,marker_100_y,marker_100_z,marker_101_x,marker_101_y,marker_101_z,marker_102_x,marker_102_y,marker_102_z,marker_103_x,marker_103_y,marker_103_z,marker_104_x,marker_104_y,marker_104_z,marker_105_x,marker_105_y,marker_105_z,marker_106_x,marker_106_y,marker_106_z,marker_107_x,marker_107_y,marker_107_z,marker_108_x,marker_108_y,marker_108_z,marker_109_x,marker_109_y,marker_109_z,marker_110_x,marker_110_y,marker_110_z,marker_111_x,marker_111_y,marker_111_z,marker_112_x,marker_112_y,marker_112_z,marker_113_x,marker_113_y,marker_113_z,marker_114_x,marker_114_y,marker_114_z,marker_115_x,marker_115_y,marker_115_z,marker_116_x,marker_116_y,marker_116_z,marker_117_x,marker_117_y,marker_117_z,marker_118_x,marker_118_y,marker_118_z,marker_119_x,marker_119_y,marker_119_z,marker_120_x,marker_120_y,marker_120_z,marker_121_x,marker_121_y,marker_121_z,marker_122_x,marker_122_y,marker_122_z,marker_123_x,marker_123_y,marker_123_z,marker_124_x,marker_124_y,marker_124_z,marker_125_x,marker_125_y,marker_125_z,marker_126_x,marker_126_y,marker_126_z,marker_127_x,marker_127_y,marker_127_z,marker_128_x,marker_128_y,marker_128_z,marker_129_x,marker_129_y,marker_129_z,marker_130_x,marker_130_y,marker_130_z,marker_131_x,marker_131_y,marker_131_z,marker_132_x,marker_132_y,marker_132_z,marker_133_x,marker_133_y,marker_133_z,marker_134_x,marker_134_y,marker_134_z,marker_135_x,marker_135_y,marker_135_z,marker_136_x,marker_136_y,marker_136_z,marker_137_x,marker_137_y,marker_137_z,marker_138_x,marker_138_y,marker_138_z,marker_139_x,marker_139_y,marker_139_z,marker_140_x,marker_140_y,marker_140_z,marker_141_x,marker_141_y,marker_141_z,marker_142_x,marker_142_y,marker_142_z,marker_143_x,marker_143_y,marker_143_z,marker_144_x,marker_144_y,marker_144_z,marker_145_x,marker_145_y,marker_145_z,marker_146_x,marker_146_y,marker_146_z,marker_147_x,marker_147_y,marker_147_z,marker_148_x,marker_148_y,marker_148_z
-0.01147,-0.00459,0.07916,-0.04272,-0.00475,0.0677,-0.0666,-0.00475,0.0445,-0.079,-0.00475,0.01359,-0.0777,-0.00475,-0.01968,-0.06305,-0.004753,-0.04956,-0.0374,-0.004787,-0.0709,-0.005383,-0.00475,-0.07996,0.02757,-0.00475,-0.0752,0.05576,-0.00475,-0.05746,0.0742,-0.00475,-0.02979,0.07996,-0.00475,0.003025,0.0718,-0.00475,0.0353,0.05118,-0.004753,0.0615,0.02173,-0.004753,0.077,-0.01074,-0.03044,0.0749,-0.0404,-0.03036,0.0641,-0.06305,-0.03036,0.04218,-0.0749,-0.03036,0.01293,-0.0738,-0.03036,-0.0186,-0.05994,-0.03036,-0.0469,-0.03574,-0.03036,-0.06714,-0.005447,-0.03036,-0.0759,0.02579,-0.03036,-0.07153,0.05255,-0.03036,-0.05478,0.06995,-0.03029,-0.02843,0.0756,-0.03032,0.002436,0.068,-0.03032,0.03293,0.04855,-0.03029,0.05783,0.02072,-0.03038,0.07263,-0.01012,-0.04105,0.07043,-0.0398,-0.041,0.0591,-0.0616,-0.041,0.03604,-0.0713,-0.041,0.0058,-0.06683,-0.041,-0.02565,-0.0492,-0.041,-0.05203,-0.02184,-0.041,-0.0682,0.00977,-0.041,-0.07086,0.03946,-0.041,-0.05957,0.06125,-0.04095,-0.0365,0.0707,-0.04086,-0.006126,0.06647,-0.04092,0.02515,0.04886,-0.04095,0.05148,0.02151,-0.041,0.06775,-0.00945,-0.04904,0.06573,-0.03906,-0.04898,0.0539,-0.05975,-0.04898,0.02962,-0.0668,-0.04898,-0.001495,-0.0586,-0.04898,-0.03232,-0.037,-0.04898,-0.05576,-0.006947,-0.04898,-0.0665,0.02464,-0.04898,-0.06207,0.05054,-0.04895,-0.04346,0.0648,-0.04895,-0.01494,0.064,-0.04886,0.017,0.04883,-0.04895,0.04483,0.02226,-0.04895,0.0625,-0.00877,-0.0556,0.06088,-0.0382,-0.0555,0.04843,-0.05743,-0.0555,0.02289,-0.0613,-0.0555,-0.008835,-0.04883,-0.0555,-0.03827,-0.02327,-0.0555,-0.05746,0.00843,-0.0555,-0.06137,0.03787,-0.0555,-0.04886,0.05707,-0.0555,-0.02335,0.0609,-0.0555,0.00831,0.04837,-0.05533,0.03772,0.02292,-0.0555,0.05704,-0.00807,-0.06113,0.05588,-0.03717,-0.06107,0.04272,-0.0545,-0.06107,0.0159,-0.0546,-0.06107,-0.01604,-0.0374,-0.06107,-0.04297,-0.00841,-0.06107,-0.0563,0.02322,-0.06107,-0.05185,0.04742,-0.06107,-0.031,0.0565,-0.06107,-0.0004697,0.0476,-0.06104,0.03021,0.0235,-0.06104,0.05127,-0.007343,-0.0659,0.05072,-0.03595,-0.06586,0.0368,-0.05087,-0.06586,0.0087,-0.04642,-0.06586,-0.0228,-0.02432,-0.06586,-0.0457,0.007004,-0.06586,-0.0512,0.03558,-0.06586,-0.03723,0.0505,-0.0658,-0.00922,0.04608,-0.0658,0.02232,0.02397,-0.06586,0.0452,-0.006596,-0.07,0.0454,-0.03223,-0.06995,0.03293,-0.0456,-0.06995,0.00777,-0.04163,-0.06995,-0.02045,-0.0218,-0.06995,-0.04095,0.00626,-0.06995,-0.0459,0.03186,-0.06995,-0.0334,0.04523,-0.06995,-0.00825,0.04126,-0.06995,0.01999,0.02147,-0.06995,0.04047,-0.005844,-0.07355,0.04004,-0.03038,-0.0735,0.02695,-0.04077,-0.0735,0.001182,-0.0322,-0.0735,-0.02525,-0.00861,-0.0735,-0.03998,0.0189,-0.0735,-0.0361,0.0375,-0.0735,-0.015434,0.03845,-0.0734,0.01231,0.02135,-0.0734,0.03424,-0.00506,-0.07654,0.03455,-0.02815,-0.0765,0.02084,-0.03485,-0.0765,-0.00511,-0.02126,-0.0765,-0.02821,0.00471,-0.0765,-0.0349,0.02782,-0.0765,-0.0213,0.03452,-0.0765,0.00464,0.0209,-0.0764,0.02776,-0.004272,-0.07904,0.02892,-0.02544,-0.0789,0.01469,-0.02759,-0.0789,-0.01068,-0.009094,-0.0789,-0.02818,0.01611,-0.0789,-0.02463,0.02907,-0.0789,-0.002716,0.01999,-0.0789,0.02109,-0.003473,-0.08105,0.02321,-0.02235,-0.0809,0.00873,-0.01901,-0.0809,-0.01495,0.003162,-0.0809,-0.02391,0.022,-0.0809,-0.00918,0.01868,-0.0809,0.014496,-0.002663,-0.0826,0.01744,-0.01685,-0.0825,0.0065,-0.01433,-0.0825,-0.0113,0.00233,-0.0825,-0.01802,0.0165,-0.0825,-0.006954,0.014,-0.0825,0.01083,-0.00184,-0.0837,0.01162,-0.011345,-0.0836,0.004284,-0.00965,-0.0836,-0.007645,0.001512,-0.0836,-0.012146,0.010994,-0.0836,-0.00473,0.009315,-0.0836,0.007195,-0.0010195,-0.0844,0.00579,-0.005848,-0.08435,0.002077,-0.005,-0.08435,-0.00397,0.000668,-0.08435,-0.00628,0.005497,-0.08435,-0.002512,0.004654,-0.08435,0.003553,-0.0001682,-0.0845,-0.0002122
0.0704,-0.005135,-0.0386,0.07947,-0.005047,-0.007072,0.07556,-0.005024,0.02603,0.0583,-0.005047,0.05447,0.03105,-0.00505,0.0735,-0.001655,-0.00505,0.0798,-0.0341,-0.00505,0.0723,-0.06064,-0.00505,0.0523,-0.0767,-0.00505,0.0232,-0.07965,-0.00505,-0.00996,-0.0686,-0.005295,-0.04037,-0.04678,-0.00572,-0.0632,-0.015205,-0.005024,-0.0777,0.01779,-0.00505,-0.0781,0.04797,-0.00505,-0.0641,0.0669,-0.03094,-0.0354,0.0753,-0.03093,-0.005047,0.07056,-0.03094,0.02608,0.05368,-0.03093,0.05267,0.02744,-0.03093,0.07007,-0.003637,-0.03093,0.07526,-0.03412,-0.03093,0.0674,-0.05878,-0.03093,0.04776,-0.0733,-0.03093,0.0198,-0.07526,-0.03093,-0.01163,-0.06433,-0.03102,-0.04086,-0.04196,-0.03105,-0.0627,-0.01262,-0.03091,-0.07477,0.01866,-0.03093,-0.0738,0.04684,-0.03093,-0.05972,0.06287,-0.04153,-0.03333,0.07086,-0.04153,-0.002642,0.06476,-0.04156,0.02847,0.0458,-0.04153,0.05386,0.01768,-0.04153,0.0685,-0.014015,-0.04153,0.06946,-0.043,-0.04153,0.0566,-0.06354,-0.04153,0.03247,-0.07153,-0.04153,0.001786,-0.0655,-0.04156,-0.02919,-0.04672,-0.04172,-0.05444,-0.01811,-0.0415,-0.0691,0.01338,-0.04153,-0.0704,0.04236,-0.04153,-0.0575,0.05872,-0.04953,-0.03116,0.0662,-0.04953,-0.0001982,0.05847,-0.04953,0.0307,0.0373,-0.04953,0.05447,0.00747,-0.04953,0.0657,-0.02414,-0.04953,0.0617,-0.0503,-0.04953,0.04352,-0.065,-0.04953,0.01527,-0.0649,-0.04953,-0.01657,-0.0499,-0.04953,-0.04468,-0.02399,-0.04974,-0.06256,0.007935,-0.04953,-0.06647,0.03766,-0.04953,-0.05505,0.05438,-0.05606,-0.0289,0.06128,-0.0561,0.002268,0.05167,-0.0561,0.0327,0.02814,-0.0561,0.05426,-0.003021,-0.0561,0.06116,-0.03345,-0.0561,0.05157,-0.05502,-0.0561,0.02803,-0.06192,-0.0561,-0.003124,-0.05234,-0.0561,-0.0335,-0.02881,-0.05612,-0.0549,0.00212,-0.05634,-0.06213,0.0328,-0.0561,-0.05243,0.0499,-0.0616,-0.02657,0.05606,-0.06165,0.004734,0.0443,-0.06165,0.0344,0.0184,-0.06165,0.05298,-0.01346,-0.06165,0.05463,-0.04114,-0.06165,0.0388,-0.05585,-0.06165,0.0105,-0.05295,-0.06165,-0.02127,-0.03333,-0.06165,-0.04642,-0.0032,-0.0616,-0.05695,0.02763,-0.06186,-0.0496,0.0453,-0.06635,-0.02417,0.0505,-0.0664,0.007175,0.03632,-0.0664,0.0356,0.008156,-0.0664,0.05026,-0.02325,-0.0664,0.04556,-0.0459,-0.0664,0.0233,-0.05115,-0.0664,-0.00803,-0.03696,-0.0664,-0.03647,-0.00875,-0.0664,-0.0511,0.02261,-0.0664,-0.04642,0.04056,-0.07043,-0.0217,0.04523,-0.0705,0.006382,0.0325,-0.0705,0.03186,0.00727,-0.0705,0.04498,-0.02087,-0.0705,0.04077,-0.04117,-0.0705,0.02083,-0.04587,-0.0705,-0.00724,-0.03317,-0.0705,-0.0327,-0.00789,-0.0705,-0.04584,0.02023,-0.0705,-0.04163,0.03574,-0.074,-0.01926,0.03928,-0.07404,0.008354,0.02437,-0.07404,0.03177,-0.002098,-0.07404,0.0401,-0.02774,-0.07404,0.02948,-0.04056,-0.07404,0.00486,-0.03455,-0.07404,-0.02223,-0.01252,-0.07404,-0.03912,0.015205,-0.07404,-0.0379,0.0308,-0.077,-0.01666,0.03305,-0.077,0.01009,0.01582,-0.077,0.03061,-0.01085,-0.077,0.03293,-0.03134,-0.077,0.01572,-0.0337,-0.077,-0.010956,-0.01648,-0.077,-0.03146,0.0102,-0.077,-0.03378,0.02579,-0.0795,-0.01404,0.02646,-0.0795,0.01146,0.00708,-0.0795,0.02792,-0.01787,-0.0795,0.02304,-0.0296,-0.0795,0.0004795,-0.01929,-0.0795,-0.02277,0.005306,-0.0795,-0.02919,0.02069,-0.08154,-0.01139,0.01988,-0.0814,0.01235,-0.001285,-0.0814,0.02345,-0.02148,-0.0814,0.01068,-0.02054,-0.0814,-0.01321,0.0006394,-0.0814,-0.02432,0.01553,-0.08307,-0.008705,0.014854,-0.08307,0.00919,-0.001072,-0.08307,0.01752,-0.01624,-0.08307,0.00789,-0.01549,-0.08307,-0.01005,0.0004313,-0.08307,-0.01839,0.01033,-0.08417,-0.005997,0.00986,-0.08417,0.006012,-0.0008183,-0.0842,0.01159,-0.01097,-0.0842,0.00514,-0.01047,-0.0842,-0.006874,0.0001916,-0.08417,-0.01246,0.005077,-0.0849,-0.0033,0.004883,-0.0849,0.002825,-0.000534,-0.0849,0.005672,-0.005695,-0.0849,0.002419,-0.00548,-0.0849,-0.003674,-9.03e-05,-0.0849,-0.00656,-0.0003054,-0.085,-0.0004373
-0.07996,-0.004963,0.0001863,-0.07324,-0.005085,-0.03268,-0.05377,-0.005325,-0.05923,-0.02519,-0.005302,-0.07513,0.00916,-0.004734,-0.07733,0.04004,-0.005016,-0.0694,0.06464,-0.00508,-0.0473,0.0782,-0.005077,-0.01689,0.07825,-0.00508,0.01637,0.0647,-0.00508,0.04675,0.04007,-0.00508,0.06915,0.00835,-0.00508,0.07935,-0.02475,-0.00508,0.07587,-0.05356,-0.00508,0.05923,-0.0731,-0.00508,0.03238,-0.0759,-0.03088,0.0008273,-0.0699,-0.03105,-0.03003,-0.052,-0.03113,-0.0556,-0.02484,-0.03105,-0.072,0.006474,-0.0312,-0.0754,0.03656,-0.03099,-0.0667,0.06018,-0.03104,-0.04623,0.0735,-0.03104,-0.01773,0.0741,-0.03104,0.01375,0.06183,-0.03104,0.04276,0.03882,-0.03102,0.0642,0.00909,-0.03104,0.0745,-0.02226,-0.03104,0.07184,-0.04984,-0.03104,0.0566,-0.0688,-0.03104,0.0315,-0.0715,-0.0415,0.000744,-0.0649,-0.04166,-0.03026,-0.04562,-0.04166,-0.05524,-0.0173,-0.0417,-0.06964,0.01457,-0.04153,-0.0699,0.04318,-0.04166,-0.05704,0.06335,-0.04166,-0.03268,0.071,-0.04166,-0.001933,0.0645,-0.04166,0.02908,0.0452,-0.04166,0.05423,0.01683,-0.0416,0.0684,-0.014786,-0.04166,0.0691,-0.04358,-0.04166,0.0559,-0.0638,-0.04166,0.0315,-0.0668,-0.04953,0.000655,-0.05966,-0.04965,-0.03038,-0.03903,-0.04968,-0.05447,-0.009476,-0.0497,-0.0664,0.02234,-0.0496,-0.063,0.04874,-0.04965,-0.04562,0.064,-0.04965,-0.01773,0.06464,-0.04965,0.0141,0.05038,-0.04965,0.04257,0.0245,-0.04965,0.06113,-0.007114,-0.04953,0.0654,-0.037,-0.04965,0.05484,-0.05853,-0.04965,0.0314,-0.0619,-0.0561,0.0005617,-0.05417,-0.05618,-0.0304,-0.032,-0.05618,-0.05328,-0.001378,-0.05624,-0.06213,0.02966,-0.05618,-0.05444,0.05255,-0.05618,-0.0324,0.06137,-0.05618,-0.001755,0.0537,-0.05618,0.0292,0.0316,-0.05618,0.0522,0.0009065,-0.05618,0.061,-0.03015,-0.05603,0.0532,-0.05304,-0.05618,0.03119,-0.05682,-0.06168,0.0004563,-0.04837,-0.06174,-0.03027,-0.02464,-0.06174,-0.05157,0.006763,-0.06177,-0.05664,0.036,-0.06174,-0.04404,0.05374,-0.06174,-0.01755,0.05435,-0.06174,0.01432,0.03763,-0.06174,0.04144,0.00887,-0.06174,0.05524,-0.02277,-0.06174,0.0513,-0.04733,-0.06152,0.03079,-0.0516,-0.06647,0.0003712,-0.04236,-0.0665,-0.03,-0.017,-0.0665,-0.04913,0.01474,-0.0665,-0.04968,0.04074,-0.0665,-0.03156,0.05112,-0.0665,-0.001562,0.0419,-0.0665,0.02881,0.01656,-0.0665,0.04794,-0.01518,-0.0665,0.04855,-0.0412,-0.0665,0.03036,-0.04626,-0.07056,0.0002704,-0.03796,-0.0706,-0.02695,-0.01527,-0.0706,-0.0441,0.01317,-0.0706,-0.04462,0.0365,-0.0706,-0.02834,0.04578,-0.0706,-0.001462,0.0375,-0.0706,0.02576,0.01481,-0.0706,0.0429,-0.013626,-0.0706,0.04343,-0.03696,-0.0706,0.02715,-0.04086,-0.0741,0.000158,-0.03177,-0.07416,-0.02608,-0.00802,-0.07416,-0.04037,0.01938,-0.07416,-0.0361,0.0376,-0.07416,-0.01518,0.03812,-0.07416,0.01255,0.0207,-0.07416,0.03412,-0.00652,-0.07416,0.03946,-0.03079,-0.07416,0.02605,-0.03528,-0.07715,5.36e-05,-0.0254,-0.07715,-0.02486,-0.0008883,-0.07715,-0.03555,0.02402,-0.07715,-0.02579,0.03473,-0.07715,-0.001254,0.02495,-0.07715,0.02365,0.000427,-0.07715,0.03436,-0.02449,-0.07715,0.02458,-0.02962,-0.07965,-5.066e-05,-0.01892,-0.0796,-0.02315,0.00575,-0.0796,-0.02927,0.02591,-0.0796,-0.013794,0.02638,-0.0796,0.01161,0.00682,-0.0796,0.02783,-0.01805,-0.0796,0.02264,-0.02385,-0.0817,-0.0001607,-0.012535,-0.08154,-0.02107,0.011345,-0.08154,-0.02148,0.02365,-0.08154,-0.001015,0.01207,-0.08154,0.01987,-0.0118,-0.08154,0.0203,-0.01802,-0.08325,-0.0002701,-0.00948,-0.0832,-0.01598,0.00846,-0.0832,-0.0163,0.01772,-0.0832,-0.000921,0.00902,-0.0832,0.01478,-0.00892,-0.0832,0.01511,-0.01215,-0.0844,-0.0003889,-0.006424,-0.08435,-0.0109,0.0056,-0.0843,-0.011116,0.011795,-0.0843,-0.0008106,0.005974,-0.0843,0.009705,-0.006046,-0.08435,0.00992,-0.00627,-0.0851,-0.0004935,-0.003323,-0.0851,-0.005848,0.002771,-0.0851,-0.00593,0.0059,-0.0851,-0.0006914,0.00294,-0.0851,0.004646,-0.00315,-0.0851,0.004745,-0.0002018,-0.08514,-0.000589
-0.07416,-0.004498,-0.03053,-0.05533,-0.00479,-0.05807,-0.02701,-0.004787,-0.07556,0.00601,-0.004787,-0.0801,0.03796,-0.00479,-0.0707,0.06335,-0.00479,-0.04916,0.0778,-0.00479,-0.01917,0.07886,-0.00479,0.01412,0.0662,-0.00479,0.04495,0.04214,-0.00479,0.06793,0.01069,-0.004787,0.0791,-0.02245,-0.004787,0.0767,-0.0518,-0.004784,0.0609,-0.07214,-0.004787,0.03458,-0.08,-0.00479,0.002226,-0.0702,-0.0304,-0.0292,-0.05246,-0.03035,-0.05533,-0.02562,-0.03035,-0.07196,0.00566,-0.03035,-0.07623,0.03598,-0.03035,-0.0674,0.06012,-0.03035,-0.04703,0.07385,-0.03035,-0.01859,0.0748,-0.03035,0.01298,0.06287,-0.03035,0.0422,0.0401,-0.03035,0.0641,0.0103,-0.03032,0.07465,-0.02112,-0.03035,0.07245,-0.04895,-0.03035,0.0575,-0.0683,-0.03035,0.03253,-0.0758,-0.03035,0.001871,-0.06604,-0.04102,-0.0275,-0.04776,-0.04095,-0.0535,-0.02003,-0.04095,-0.06903,0.0117,-0.04095,-0.071,0.04114,-0.04095,-0.05896,0.06244,-0.04095,-0.03534,0.07135,-0.04095,-0.00485,0.0662,-0.04095,0.02652,0.04794,-0.04095,0.05252,0.0202,-0.04095,0.06805,-0.01156,-0.04095,0.06995,-0.04095,-0.04095,0.05795,-0.06226,-0.04095,0.03436,-0.0712,-0.04095,0.003866,-0.06165,-0.049,-0.02571,-0.04288,-0.04895,-0.0515,-0.014244,-0.04895,-0.0656,0.01768,-0.04895,-0.0648,0.04556,-0.04895,-0.0493,0.06305,-0.04895,-0.02257,0.0661,-0.04895,0.00922,0.05402,-0.04895,0.0388,0.02959,-0.04895,0.05936,-0.0016,-0.04895,0.0662,-0.03238,-0.04895,0.05777,-0.05576,-0.04895,0.036,-0.06635,-0.04895,0.005875,-0.05713,-0.05554,-0.02385,-0.03778,-0.0555,-0.04935,-0.008286,-0.0555,-0.06174,0.02345,-0.0555,-0.0577,0.04895,-0.0555,-0.03836,0.06134,-0.0555,-0.008865,0.0573,-0.0555,0.02289,0.03796,-0.0555,0.04837,0.00845,-0.0555,0.06076,-0.02328,-0.0555,0.05673,-0.04874,-0.05554,0.03745,-0.06116,-0.0555,0.00788,-0.05243,-0.0611,-0.02194,-0.0325,-0.06104,-0.04694,-0.00222,-0.06104,-0.0572,0.0288,-0.06104,-0.04944,0.0507,-0.06104,-0.02614,0.05655,-0.06104,0.005295,0.04443,-0.06104,0.0349,0.01826,-0.06104,0.05325,-0.01368,-0.06104,0.05457,-0.04126,-0.06104,0.0384,-0.0557,-0.06113,0.00992,-0.0476,-0.06586,-0.01996,-0.02705,-0.0658,-0.04428,0.003874,-0.0658,-0.05188,0.03336,-0.0658,-0.03983,0.05014,-0.0658,-0.012764,0.0478,-0.0658,0.019,0.02722,-0.0658,0.0433,-0.003704,-0.0658,0.0509,-0.03317,-0.0658,0.03885,-0.04996,-0.0658,0.01178,-0.04263,-0.06995,-0.01794,-0.02423,-0.06995,-0.03973,0.003479,-0.06995,-0.04654,0.02989,-0.06995,-0.03574,0.04492,-0.06995,-0.01149,0.04282,-0.06995,0.01697,0.0244,-0.06995,0.03876,-0.00331,-0.06995,0.04553,-0.02972,-0.06995,0.03476,-0.04474,-0.06995,0.010506,-0.0376,-0.0735,-0.01588,-0.01888,-0.0734,-0.03647,0.00869,-0.0734,-0.04025,0.03223,-0.0734,-0.0254,0.04074,-0.0734,0.001081,0.03021,-0.0734,0.02684,0.005592,-0.0734,0.0398,-0.02159,-0.0734,0.0339,-0.03864,-0.0734,0.01193,-0.03244,-0.07654,-0.01378,-0.0135,-0.0764,-0.03284,0.01334,-0.0764,-0.03296,0.0324,-0.0764,-0.01408,0.03256,-0.0764,0.01277,0.013664,-0.0764,0.03183,-0.013176,-0.0764,0.03198,-0.03226,-0.0764,0.01309,-0.02718,-0.079,-0.01163,-0.00819,-0.0789,-0.02867,0.01697,-0.0789,-0.02454,0.0294,-0.0789,-0.002283,0.01976,-0.0789,0.02132,-0.004692,-0.0789,0.02849,-0.02556,-0.0789,0.01384,-0.02185,-0.08105,-0.009445,-0.003155,-0.0809,-0.0242,0.019,-0.0809,-0.01516,0.02225,-0.0809,0.00856,0.003326,-0.0809,0.02322,-0.01883,-0.0809,0.014175,-0.01645,-0.0826,-0.007244,-0.00235,-0.08246,-0.01831,0.0143,-0.08246,-0.01151,0.01674,-0.08246,0.00631,0.002522,-0.08246,0.01733,-0.01413,-0.08246,0.01053,-0.010994,-0.0837,-0.00502,-0.001549,-0.0836,-0.012436,0.009605,-0.0836,-0.00787,0.01124,-0.0836,0.004066,0.001716,-0.0836,0.01145,-0.009445,-0.0836,0.006893,-0.005543,-0.08435,-0.002792,-0.000744,-0.08435,-0.006557,0.004913,-0.08435,-0.00425,0.005753,-0.08435,0.00182,0.000909,-0.08435,0.005573,-0.004757,-0.08435,0.00326,7.707e-05,-0.0845,-0.0004907
-0.006298,-0.00562,0.07947,-0.03857,-0.005054,0.0698,-0.06366,-0.005054,0.048,-0.07776,-0.005054,0.01791,-0.07837,-0.005054,-0.015335,-0.0653,-0.00505,-0.046,-0.04114,-0.005043,-0.06866,-0.00975,-0.00507,-0.0794,0.02339,-0.005135,-0.0761,0.05295,-0.00483,-0.0591,0.0729,-0.00599,-0.03378,0.0796,-0.00529,-0.001216,0.0737,-0.005054,0.03111,0.05466,-0.005054,0.05835,0.0262,-0.00506,0.07544,-0.002071,-0.03113,0.07513,-0.03268,-0.03102,0.0677,-0.0576,-0.03102,0.04843,-0.0725,-0.03102,0.02069,-0.0748,-0.03102,-0.01072,-0.0642,-0.03104,-0.04028,-0.04242,-0.03104,-0.06305,-0.0132,-0.03102,-0.0749,0.0182,-0.03107,-0.07404,0.04663,-0.031,-0.0601,0.0659,-0.03067,-0.03482,0.07556,-0.03107,-0.006035,0.0715,-0.03102,0.02507,0.0549,-0.03102,0.05182,0.0289,-0.03102,0.0696,-0.001934,-0.0418,0.0706,-0.03262,-0.04163,0.0627,-0.0568,-0.04163,0.04218,-0.0697,-0.04163,0.01322,-0.0687,-0.04163,-0.01846,-0.05408,-0.04163,-0.04654,-0.02875,-0.04166,-0.06555,0.002396,-0.04163,-0.07166,0.03302,-0.04172,-0.06366,0.05722,-0.04163,-0.04306,0.0687,-0.041,-0.01269,0.0691,-0.04163,0.01752,0.0545,-0.04163,0.04556,0.02914,-0.04163,0.0646,-0.001793,-0.04984,0.0659,-0.03247,-0.04962,0.05743,-0.05566,-0.04962,0.03558,-0.06604,-0.04962,0.0055,-0.06125,-0.04962,-0.02597,-0.04236,-0.04962,-0.0516,-0.01376,-0.04965,-0.0655,0.01808,-0.04962,-0.0646,0.04578,-0.04965,-0.0489,0.06305,-0.04962,-0.02214,0.0644,-0.04865,0.01092,0.05374,-0.04962,0.039,0.02931,-0.04962,0.0593,-0.001649,-0.0564,0.061,-0.03223,-0.05618,0.0519,-0.05408,-0.05618,0.02867,-0.0614,-0.05618,-0.00238,-0.05222,-0.05618,-0.03293,-0.02898,-0.05618,-0.0548,0.002089,-0.05618,-0.06207,0.03262,-0.05618,-0.05292,0.0545,-0.05618,-0.02965,0.06177,-0.05618,0.001427,0.0512,-0.05487,0.03302,0.02933,-0.05618,0.05383,-0.001529,-0.06195,0.05597,-0.03183,-0.06174,0.04614,-0.05194,-0.06174,0.02142,-0.05554,-0.06174,-0.01026,-0.0414,-0.06174,-0.03885,-0.01408,-0.06174,-0.05527,0.01778,-0.06174,-0.0543,0.04407,-0.06174,-0.03625,0.05643,-0.06174,-0.00686,0.0509,-0.06174,0.02457,0.02869,-0.06055,0.04858,-0.001337,-0.0667,0.05075,-0.03123,-0.06647,0.04013,-0.0491,-0.06647,0.01388,-0.04816,-0.06647,-0.01787,-0.02872,-0.06647,-0.04297,0.00176,-0.0665,-0.05185,0.03165,-0.06647,-0.04114,0.04953,-0.06647,-0.01489,0.04855,-0.06647,0.01683,0.02913,-0.06647,0.04193,-0.001176,-0.0708,0.04538,-0.02797,-0.0706,0.0359,-0.04398,-0.0706,0.01238,-0.04312,-0.0706,-0.01605,-0.02571,-0.0706,-0.03854,0.001601,-0.0706,-0.0465,0.02837,-0.0706,-0.0369,0.04437,-0.0706,-0.0134,0.04352,-0.0706,0.01503,0.02612,-0.0706,0.03754,-0.001077,-0.0744,0.03998,-0.0268,-0.0741,0.02975,-0.03992,-0.0741,0.005318,-0.03427,-0.0741,-0.02185,-0.012505,-0.0741,-0.03903,0.01522,-0.0741,-0.03818,0.03592,-0.0741,-0.01971,0.03992,-0.0741,0.007736,0.02531,-0.0741,0.03134,-0.000865,-0.0774,0.0344,-0.02527,-0.0771,0.02345,-0.03476,-0.0771,-0.001572,-0.02376,-0.0771,-0.02597,0.001266,-0.0771,-0.03546,0.02567,-0.0771,-0.02448,0.03516,-0.0771,0.0005484,0.02417,-0.0771,0.02495,-0.000687,-0.0799,0.02873,-0.02324,-0.0796,0.01704,-0.02814,-0.0796,-0.00789,-0.011696,-0.0796,-0.02727,0.0137,-0.0796,-0.0265,0.02893,-0.0796,-0.006157,0.02254,-0.0796,0.01843,-0.000525,-0.0819,0.02298,-0.0209,-0.08154,0.010704,-0.02007,-0.08154,-0.01318,0.001048,-0.08154,-0.0244,0.0213,-0.08154,-0.01172,0.02048,-0.08154,0.01215,-0.000342,-0.08344,0.01715,-0.01563,-0.0831,0.00798,-0.01505,-0.0831,-0.00997,0.000776,-0.0831,-0.01845,0.01602,-0.0831,-0.00898,0.01546,-0.0831,0.00896,-0.0001677,-0.08453,0.011284,-0.0104,-0.0843,0.005203,-0.010025,-0.0843,-0.00684,0.000596,-0.0843,-0.012535,0.01082,-0.0843,-0.00617,0.01042,-0.0843,0.005848,-7.516e-05,-0.08527,0.00538,-0.00527,-0.085,0.002312,-0.00495,-0.085,-0.003807,0.000505,-0.085,-0.00663,0.00565,-0.085,-0.003298,0.005375,-0.085,0.00281,0.0001955,-0.08545,-0.0006948
-0.06155,-0.004646,0.0506,-0.07697,-0.005013,0.02089,-0.07886,-0.004868,-0.0123,-0.0671,-0.004868,-0.04343,-0.04364,-0.004868,-0.067,-0.01265,-0.004868,-0.0791,0.02057,-0.004868,-0.07745,0.05023,-0.00487,-0.0625,0.07104,-0.0048,-0.03705,0.0789,-0.005585,-0.004494,0.075,-0.00506,0.02824,0.05698,-0.004868,0.0562,0.02916,-0.004868,0.07446,-0.003675,-0.004868,0.07983,-0.03583,-0.004868,0.07135,-0.0582,-0.0305,0.04785,-0.07275,-0.03044,0.01994,-0.07465,-0.03044,-0.011475,-0.06366,-0.03044,-0.04095,-0.0416,-0.03044,-0.0634,-0.01231,-0.03044,-0.07495,0.01915,-0.03044,-0.0736,0.0473,-0.03044,-0.05957,0.06726,-0.03049,-0.03525,0.07574,-0.03047,-0.004944,0.07104,-0.03044,0.0262,0.05423,-0.03044,0.05273,0.02797,-0.03044,0.0701,-0.003073,-0.03044,0.0753,-0.03357,-0.03044,0.06744,-0.05472,-0.0411,0.04498,-0.069,-0.04105,0.01668,-0.06946,-0.04105,-0.015,-0.05618,-0.04105,-0.04376,-0.03174,-0.04105,-0.06396,-0.000964,-0.04105,-0.0715,0.03004,-0.04105,-0.06494,0.05515,-0.04105,-0.0456,0.06934,-0.04105,-0.01729,0.0699,-0.04105,0.0144,0.05658,-0.04105,0.04315,0.03217,-0.04105,0.06335,0.001382,-0.04105,0.07086,-0.02963,-0.04105,0.06433,-0.0511,-0.0491,0.042,-0.0649,-0.04904,0.01332,-0.0638,-0.04904,-0.0185,-0.04797,-0.04904,-0.04614,-0.02116,-0.04904,-0.0633,0.01055,-0.04904,-0.066,0.0399,-0.04904,-0.05365,0.06015,-0.04904,-0.02911,0.06665,-0.04904,0.002045,0.05795,-0.04904,0.03265,0.036,-0.04904,0.05573,0.005886,-0.04904,0.066,-0.02556,-0.04904,0.061,-0.04733,-0.05563,0.0389,-0.06058,-0.0556,0.00989,-0.05753,-0.0556,-0.02187,-0.039,-0.0556,-0.04785,-0.00998,-0.0556,-0.06107,0.02177,-0.0556,-0.058,0.04773,-0.0556,-0.03952,0.06097,-0.0556,-0.01049,0.05792,-0.0556,0.02126,0.0394,-0.0556,0.04724,0.01041,-0.0556,0.06046,-0.02136,-0.0556,0.05743,-0.04343,-0.0612,0.03568,-0.05597,-0.06116,0.006382,-0.05066,-0.06116,-0.02505,-0.0292,-0.06116,-0.0486,0.001584,-0.06116,-0.05685,0.03195,-0.06116,-0.04712,0.05222,-0.06116,-0.02254,0.05597,-0.06116,0.0091,0.04205,-0.06116,0.03778,0.014824,-0.06116,0.05435,-0.01703,-0.0612,0.0536,-0.0394,-0.0659,0.03238,-0.05106,-0.0659,0.002848,-0.04312,-0.0659,-0.0279,-0.01863,-0.0659,-0.0481,0.013054,-0.0659,-0.05002,0.03983,-0.0659,-0.033,0.05148,-0.0659,-0.003452,0.04352,-0.0659,0.02728,0.01904,-0.0659,0.0475,-0.01264,-0.0659,0.04944,-0.03528,-0.07007,0.02898,-0.04572,-0.07,0.00252,-0.0386,-0.07,-0.02502,-0.01666,-0.07,-0.04312,0.01172,-0.07,-0.04486,0.0357,-0.07,-0.02959,0.04614,-0.07,-0.003124,0.03903,-0.07,0.02441,0.01709,-0.07,0.0425,-0.0113,-0.07,0.04425,-0.03111,-0.0736,0.02551,-0.04034,-0.07355,-0.0006466,-0.03064,-0.07355,-0.02663,-0.006496,-0.07355,-0.04028,0.02077,-0.07355,-0.03525,0.03842,-0.07355,-0.01385,0.03818,-0.07355,0.013885,0.02019,-0.07355,0.03497,-0.00717,-0.07355,0.03958,-0.02684,-0.0766,0.02199,-0.0346,-0.07654,-0.003645,-0.02203,-0.07654,-0.02728,0.00355,-0.07654,-0.0351,0.02718,-0.07654,-0.02255,0.035,-0.07654,0.003038,0.02245,-0.07654,0.02667,-0.003134,-0.07654,0.03452,-0.02246,-0.0791,0.01839,-0.02844,-0.07904,-0.006348,-0.01293,-0.07904,-0.02647,0.012474,-0.07904,-0.02689,0.02864,-0.07904,-0.007286,0.02339,-0.07904,0.01758,0.00069,-0.07904,0.02898,-0.01804,-0.0811,0.01473,-0.02216,-0.08093,-0.00868,-0.00372,-0.08093,-0.02386,0.01865,-0.08093,-0.01548,0.02257,-0.08093,0.00807,0.004135,-0.08093,0.02325,-0.01354,-0.0827,0.01103,-0.0166,-0.0826,-0.006596,-0.002747,-0.0826,-0.018,0.01405,-0.0826,-0.01171,0.01701,-0.0826,0.005985,0.003166,-0.0826,0.0174,-0.00902,-0.0838,0.007305,-0.011055,-0.08374,-0.00452,-0.00177,-0.08374,-0.01216,0.00948,-0.08374,-0.00794,0.01147,-0.08374,0.003906,0.002193,-0.08374,0.01156,-0.00449,-0.0845,0.003555,-0.005505,-0.0845,-0.002474,-0.0007725,-0.0845,-0.00633,0.00492,-0.0845,-0.00417,0.00592,-0.0845,0.001831,0.001224,-0.0845,0.005722,0.0001938,-0.08453,-0.0002978
0.068,-0.00496,-0.04175,0.0782,-0.00449,-0.01061,0.0768,-0.005123,0.02243,0.06116,-0.005116,0.0516,0.03488,-0.005116,0.072,0.002583,-0.005116,0.07996,-0.03015,-0.005116,0.074,-0.0576,-0.00512,0.05527,-0.0751,-0.00491,0.02701,-0.0797,-0.00512,-0.005955,-0.0706,-0.005116,-0.03787,-0.0489,-0.00512,-0.0633,-0.01894,-0.00512,-0.07776,0.01432,-0.005116,-0.0788,0.04486,-0.004955,-0.0661,0.06433,-0.03085,-0.03976,0.0748,-0.03146,-0.01007,0.07263,-0.03125,0.02122,0.05774,-0.03123,0.0489,0.03278,-0.03123,0.06805,0.002174,-0.03123,0.07544,-0.02878,-0.03123,0.0697,-0.05472,-0.03123,0.05188,-0.07086,-0.03123,0.02515,-0.0753,-0.03123,-0.00619,-0.06665,-0.03128,-0.03635,-0.04593,-0.03123,-0.06027,-0.01753,-0.03117,-0.0738,0.01385,-0.03113,-0.07465,0.0426,-0.03096,-0.0626,0.06052,-0.04147,-0.03735,0.0709,-0.04193,-0.007515,0.06714,-0.04184,0.02397,0.04996,-0.04184,0.05063,0.02295,-0.04184,0.0672,-0.008575,-0.04184,0.0704,-0.03836,-0.04184,0.0596,-0.0605,-0.04184,0.03696,-0.0705,-0.04184,0.00689,-0.0668,-0.04184,-0.02454,-0.04984,-0.0419,-0.05115,-0.02266,-0.0418,-0.0676,0.00875,-0.04172,-0.07086,0.03833,-0.04163,-0.06006,0.0566,-0.0495,-0.0349,0.0665,-0.0498,-0.004684,0.061,-0.04984,0.02664,0.0415,-0.04984,0.05182,0.01257,-0.04984,0.06506,-0.01921,-0.04984,0.06335,-0.04657,-0.04984,0.04706,-0.06305,-0.04984,0.01997,-0.0653,-0.04984,-0.011856,-0.0524,-0.04984,-0.041,-0.02763,-0.04984,-0.06064,0.003542,-0.04974,-0.0666,0.0339,-0.04968,-0.05728,0.05252,-0.0561,-0.0324,0.06174,-0.05634,-0.001876,0.05435,-0.0564,0.02911,0.03238,-0.0564,0.05228,0.001802,-0.0564,0.06134,-0.02922,-0.0564,0.0539,-0.05237,-0.0564,0.03195,-0.0614,-0.0564,0.00135,-0.054,-0.0564,-0.02968,-0.03207,-0.05637,-0.05273,-0.00156,-0.05624,-0.06174,0.0292,-0.05627,-0.05432,0.04828,-0.0617,-0.0298,0.05667,-0.06195,0.0009437,0.04712,-0.06195,0.0313,0.02258,-0.06195,0.05167,-0.00906,-0.06195,0.05554,-0.03778,-0.06195,0.0417,-0.0544,-0.06195,0.01453,-0.05374,-0.06195,-0.01736,-0.03595,-0.06192,-0.04376,-0.006874,-0.06192,-0.0563,0.02467,-0.0617,-0.05103,0.0439,-0.0665,-0.02713,0.05133,-0.0667,0.003748,0.03925,-0.0667,0.03308,0.01218,-0.0667,0.04968,-0.01947,-0.0667,0.04718,-0.0436,-0.0667,0.02658,-0.05103,-0.0667,-0.0043,-0.0389,-0.0667,-0.0336,-0.01191,-0.0667,-0.05014,0.01968,-0.06665,-0.0476,0.0394,-0.0707,-0.02435,0.04605,-0.0708,0.003323,0.0352,-0.0708,0.0296,0.01093,-0.0708,0.04446,-0.01743,-0.0708,0.04224,-0.03906,-0.0708,0.02379,-0.04572,-0.0708,-0.00388,-0.03482,-0.0708,-0.03014,-0.01062,-0.0708,-0.04498,0.0177,-0.07074,-0.04272,0.03482,-0.0743,-0.02155,0.04028,-0.07434,0.005707,0.02705,-0.07434,0.03009,0.001246,-0.07434,0.04025,-0.02505,-0.07434,0.03146,-0.03955,-0.07434,0.00782,-0.03546,-0.07434,-0.01962,-0.01468,-0.07434,-0.038,0.01296,-0.0743,-0.03867,0.03008,-0.07733,-0.0186,0.03418,-0.07733,0.00788,0.01845,-0.07733,0.02953,-0.00798,-0.07733,0.03372,-0.02963,-0.07733,0.018,-0.0338,-0.07733,-0.00843,-0.01808,-0.07733,-0.03008,0.00826,-0.0773,-0.03424,0.02525,-0.07983,-0.015594,0.02771,-0.07983,0.0097,0.009544,-0.07983,0.02747,-0.01567,-0.07983,0.02435,-0.02896,-0.07983,0.002682,-0.0203,-0.07983,-0.02121,0.003706,-0.07983,-0.02931,0.02028,-0.0819,-0.01265,0.0212,-0.0817,0.01106,0.0008593,-0.0817,0.0236,-0.02016,-0.0817,0.01225,-0.02084,-0.0817,-0.01162,-0.0005255,-0.0817,-0.02414,0.015335,-0.08344,-0.00957,0.01596,-0.0834,0.00828,0.00067,-0.0834,0.01767,-0.015114,-0.0834,0.00912,-0.0156,-0.0834,-0.00882,-0.000306,-0.0834,-0.01822,0.01031,-0.0846,-0.0065,0.01076,-0.08453,0.005436,0.000518,-0.08453,0.01175,-0.01007,-0.08453,0.006023,-0.01039,-0.08453,-0.00601,-0.0001382,-0.08453,-0.0123,0.005257,-0.0854,-0.00343,0.005543,-0.0852,0.00263,0.0003643,-0.08527,0.005848,-0.005035,-0.08527,0.002962,-0.005226,-0.08527,-0.003162,-3.684e-05,-0.08527,-0.00638,7.534e-05,-0.0855,-0.0002273
-0.06366,-0.005005,-0.0486,-0.03796,-0.00533,-0.07007,-0.006065,-0.00496,-0.0785,0.02696,-0.00504,-0.075,0.0552,-0.00508,-0.05817,0.074,-0.00508,-0.0307,0.0799,-0.00508,0.002022,0.072,-0.005077,0.03433,0.05182,-0.00508,0.06076,0.02257,-0.00508,0.0766,-0.01053,-0.00508,0.0792,-0.0419,-0.00508,0.06793,-0.06604,-0.00508,0.04504,-0.07874,-0.00508,0.01429,-0.07776,-0.00508,-0.01898,-0.0613,-0.03093,-0.0452,-0.03778,-0.03104,-0.0661,-0.00824,-0.03119,-0.0755,0.02335,-0.03104,-0.0724,0.05063,-0.03104,-0.05676,0.0691,-0.03104,-0.03125,0.07556,-0.03104,-0.0004456,0.069,-0.03104,0.03033,0.05038,-0.03104,0.0558,0.02309,-0.03104,0.0715,-0.00834,-0.03098,0.07446,-0.03818,-0.03104,0.0649,-0.06152,-0.03104,0.0438,-0.0743,-0.03104,0.015,-0.0742,-0.03104,-0.0165,-0.0577,-0.04156,-0.04257,-0.0337,-0.04163,-0.06335,-0.0034,-0.04172,-0.07153,0.02794,-0.04166,-0.066,0.05356,-0.04166,-0.04736,0.06854,-0.04166,-0.01941,0.0699,-0.04166,0.01226,0.05737,-0.04166,0.04138,0.03345,-0.04166,0.0622,0.002872,-0.04166,0.07056,-0.0284,-0.04153,0.06445,-0.05392,-0.04166,0.04614,-0.06885,-0.04166,0.01822,-0.07025,-0.04166,-0.01345,-0.05392,-0.0496,-0.0398,-0.02948,-0.04962,-0.06024,0.001416,-0.0497,-0.06696,0.0323,-0.04962,-0.05865,0.05554,-0.04965,-0.03696,0.06604,-0.04965,-0.006886,0.0614,-0.04965,0.02461,0.04263,-0.04965,0.05032,0.01405,-0.04965,0.0644,-0.01779,-0.04965,0.06354,-0.04562,-0.0494,0.04758,-0.063,-0.04965,0.02133,-0.066,-0.04965,-0.01034,-0.04996,-0.05615,-0.03693,-0.02509,-0.05618,-0.05695,0.006363,-0.05618,-0.06177,0.03616,-0.05618,-0.05038,0.05618,-0.05618,-0.02556,0.06113,-0.05618,0.00597,0.04962,-0.05618,0.03574,0.0248,-0.05618,0.05576,-0.006737,-0.05618,0.0607,-0.03653,-0.05618,0.0492,-0.05655,-0.05585,0.02394,-0.06146,-0.05618,-0.007187,-0.04587,-0.06174,-0.03397,-0.02058,-0.06174,-0.05338,0.01115,-0.06174,-0.056,0.03934,-0.06174,-0.0411,0.05496,-0.06174,-0.013306,0.0531,-0.06174,0.01852,0.0343,-0.06174,0.04428,0.00456,-0.06174,0.0558,-0.02667,-0.06174,0.0494,-0.0495,-0.06174,0.02711,-0.0567,-0.0614,-0.004173,-0.0417,-0.0665,-0.03088,-0.01595,-0.0665,-0.0495,0.01581,-0.06647,-0.0494,0.04147,-0.0665,-0.03072,0.0512,-0.0665,-0.000494,0.04135,-0.0665,0.0297,0.01561,-0.0665,0.0483,-0.01614,-0.0665,0.04825,-0.0418,-0.0665,0.02953,-0.05154,-0.0665,-0.000698,-0.03735,-0.0706,-0.02773,-0.01431,-0.0706,-0.0444,0.014145,-0.0706,-0.04434,0.03714,-0.0706,-0.02759,0.04587,-0.0706,-0.000505,0.03702,-0.0706,0.02654,0.01397,-0.0706,0.0432,-0.01448,-0.0706,0.04315,-0.03748,-0.0706,0.02638,-0.0462,-0.0706,-0.000687,-0.03296,-0.0742,-0.02457,-0.0099,-0.07416,-0.03998,0.01768,-0.07416,-0.03702,0.03693,-0.07416,-0.01701,0.0388,-0.07416,0.01066,0.02245,-0.07416,0.03308,-0.00449,-0.07416,0.03973,-0.0294,-0.07416,0.02753,-0.04065,-0.07416,0.002151,-0.02846,-0.0772,-0.02126,-0.005573,-0.07715,-0.03516,0.02045,-0.07715,-0.02885,0.0344,-0.07715,-0.006,0.02809,-0.07715,0.02002,0.00523,-0.07715,0.03397,-0.02078,-0.07715,0.02766,-0.03473,-0.07715,0.004807,-0.02388,-0.0797,-0.0179,-0.001426,-0.0796,-0.02986,0.02193,-0.0796,-0.01982,0.02864,-0.0796,0.004692,0.01366,-0.0796,0.02522,-0.011734,-0.0796,0.02632,-0.02843,-0.0796,0.00714,-0.01923,-0.0818,-0.01451,0.002443,-0.08154,-0.02437,0.02173,-0.08154,-0.010216,0.0191,-0.08154,0.01356,-0.002787,-0.08154,0.02318,-0.02205,-0.08154,0.009026,-0.01451,-0.0833,-0.01108,0.0017605,-0.0832,-0.01845,0.01627,-0.0832,-0.00785,0.014336,-0.0832,0.01001,-0.002104,-0.0832,0.01727,-0.0166,-0.0832,0.00666,-0.009766,-0.0845,-0.00763,0.001125,-0.0843,-0.01256,0.01085,-0.0843,-0.005463,0.00955,-0.0843,0.006523,-0.001471,-0.0843,0.011375,-0.01118,-0.0843,0.004257,-0.005005,-0.08514,-0.00418,0.000573,-0.0851,-0.006657,0.005466,-0.0851,-0.003002,0.004753,-0.0851,0.003077,-0.000864,-0.0851,0.005497,-0.005768,-0.0851,0.001859,-0.0001341,-0.08527,-0.000571
-0.03964,-0.00501,-0.0702,-0.00858,-0.00503,-0.07965,0.02359,-0.005066,-0.07574,0.05115,-0.00615,-0.05954,0.0725,-0.00478,-0.03223,0.08014,-0.00507,-0.000369,0.0733,-0.005074,0.03217,0.05383,-0.00507,0.05914,0.02501,-0.00507,0.07574,-0.00796,-0.00507,0.07947,-0.03964,-0.00507,0.0687,-0.06445,-0.00507,0.04712,-0.078,-0.00507,0.01675,-0.0782,-0.00507,-0.01645,-0.0647,-0.005074,-0.04694,-0.0346,-0.03072,-0.0678,-0.004177,-0.03105,-0.07605,0.0268,-0.0311,-0.0712,0.05292,-0.0313,-0.05426,0.0707,-0.031,-0.0281,0.076,-0.03105,0.002838,0.06805,-0.03105,0.0333,0.0484,-0.03105,0.05792,0.02045,-0.03105,0.0724,-0.01097,-0.03105,0.0743,-0.0405,-0.03128,0.06445,-0.06287,-0.03105,0.04114,-0.0744,-0.03105,0.0118,-0.07294,-0.03105,-0.01965,-0.05887,-0.03105,-0.0478,-0.0325,-0.04135,-0.06384,-0.001774,-0.04166,-0.0717,0.02927,-0.04163,-0.0655,0.05438,-0.04178,-0.04654,0.0692,-0.04163,-0.01843,0.0702,-0.04166,0.0132,0.0573,-0.04166,0.04214,0.0331,-0.04166,0.0626,0.00244,-0.04166,0.0706,-0.02864,-0.04166,0.06445,-0.05426,-0.0421,0.0469,-0.0686,-0.04166,0.01735,-0.0695,-0.04166,-0.01436,-0.05664,-0.04166,-0.0433,-0.03033,-0.04938,-0.0597,0.0006523,-0.04965,-0.0671,0.0315,-0.04965,-0.0592,0.0551,-0.0497,-0.0381,0.0664,-0.04965,-0.00827,0.0624,-0.04965,0.0233,0.0442,-0.04965,0.0494,0.01593,-0.04965,0.0641,-0.0159,-0.04965,0.0639,-0.044,-0.04965,0.049,-0.0624,-0.05038,0.02419,-0.0657,-0.04965,-0.00887,-0.05423,-0.04965,-0.03864,-0.0281,-0.05594,-0.05536,0.003105,-0.05618,-0.06213,0.03348,-0.0562,-0.05243,0.055,-0.05624,-0.02899,0.0619,-0.0562,0.002193,0.05225,-0.0562,0.03262,0.0287,-0.0562,0.05414,-0.002453,-0.0562,0.061,-0.03287,-0.0562,0.05136,-0.05438,-0.0562,0.02783,-0.06168,-0.0572,-0.002129,-0.0516,-0.0562,-0.03372,-0.02579,-0.0615,-0.05087,0.005554,-0.06174,-0.05692,0.03522,-0.06174,-0.04507,0.05374,-0.06177,-0.01923,0.05536,-0.06174,0.01262,0.0395,-0.06174,0.04028,0.01117,-0.06174,0.05496,-0.02057,-0.06174,0.052,-0.0457,-0.06174,0.03235,-0.05618,-0.06174,0.002272,-0.0489,-0.0626,-0.02814,-0.02339,-0.0663,-0.0463,0.00799,-0.0665,-0.0514,0.0364,-0.0665,-0.03714,0.05103,-0.0665,-0.00899,0.04626,-0.0665,0.02242,0.02399,-0.0665,0.045,-0.007343,-0.0665,0.05023,-0.03574,-0.0665,0.036,-0.05035,-0.0665,0.00782,-0.04562,-0.0665,-0.02357,-0.02094,-0.0704,-0.04153,0.007195,-0.0706,-0.04608,0.03262,-0.0706,-0.03336,0.04575,-0.0706,-0.00811,0.0415,-0.0706,0.02002,0.02151,-0.0706,0.04028,-0.006546,-0.0706,0.04492,-0.03198,-0.0706,0.0322,-0.04507,-0.0706,0.006947,-0.04083,-0.0706,-0.02118,-0.01851,-0.074,-0.03674,0.009155,-0.07416,-0.04016,0.03253,-0.07416,-0.02522,0.04083,-0.07416,0.0012455,0.03018,-0.07416,0.02686,0.00556,-0.07416,0.03964,-0.02151,-0.07416,0.0336,-0.03836,-0.07416,0.01156,-0.0371,-0.07416,-0.01616,-0.01591,-0.07697,-0.0318,0.01089,-0.07715,-0.0339,0.03137,-0.07715,-0.01668,0.03366,-0.07715,0.00998,0.01643,-0.07715,0.03046,-0.01024,-0.07715,0.03275,-0.03072,-0.07715,0.01552,-0.03302,-0.07715,-0.01115,-0.01329,-0.07947,-0.0268,0.01224,-0.07965,-0.02734,0.02867,-0.07965,-0.00794,0.02376,-0.07965,0.017,0.001195,-0.07965,0.02869,-0.02202,-0.07965,0.01836,-0.02841,-0.07965,-0.006252,-0.01065,-0.0815,-0.0217,0.0131,-0.08154,-0.02078,0.02422,-0.08154,0.000376,0.01144,-0.08154,0.02058,-0.01245,-0.08154,0.01962,-0.02356,-0.08154,-0.001547,-0.00797,-0.08307,-0.01654,0.00997,-0.0832,-0.01573,0.01826,-0.0832,0.0001972,0.00861,-0.0832,0.015335,-0.009315,-0.0832,0.01456,-0.01761,-0.0832,-0.001368,-0.005264,-0.08417,-0.01134,0.00678,-0.08435,-0.01075,0.01234,-0.08435,-6.38e-05,0.005875,-0.08435,0.01007,-0.006134,-0.08435,0.00955,-0.0117,-0.08435,-0.001118,-0.00264,-0.0849,-0.006065,0.003536,-0.085,-0.005802,0.006416,-0.085,-0.000406,0.003202,-0.085,0.00477,-0.00289,-0.085,0.004597,-0.005806,-0.085,-0.000779,0.0002747,-0.085,-0.0007005
0.07294,-0.00508,0.03323,0.05316,-0.00508,0.05966,0.02426,-0.00508,0.07605,-0.008835,-0.00508,0.0793,-0.0403,-0.00508,0.06866,-0.06494,-0.00508,0.04642,-0.0782,-0.00508,0.01596,-0.078,-0.00508,-0.01733,-0.0642,-0.005085,-0.04764,-0.03937,-0.00507,-0.0698,-0.007812,-0.00506,-0.07935,0.02402,-0.005245,-0.0751,0.05292,-0.004852,-0.05835,0.0733,-0.005054,-0.0321,0.08,-0.00508,0.0004332,0.0676,-0.0308,0.03384,0.04773,-0.03105,0.0583,0.01965,-0.03105,0.0725,-0.011795,-0.03105,0.0741,-0.04117,-0.03105,0.06274,-0.0634,-0.03105,0.04047,-0.07465,-0.03105,0.01105,-0.07294,-0.03105,-0.02039,-0.0586,-0.03107,-0.04837,-0.03415,-0.03107,-0.0681,-0.004353,-0.0313,-0.0771,0.02733,-0.03105,-0.0711,0.0535,-0.03114,-0.05392,0.0709,-0.03108,-0.02765,0.0758,-0.03105,0.003454,0.06366,-0.04144,0.0318,0.0432,-0.04166,0.0561,0.01434,-0.04166,0.06915,-0.01733,-0.04166,0.06836,-0.04556,-0.04166,0.05392,-0.0647,-0.04166,0.02867,-0.071,-0.04166,-0.002386,-0.0632,-0.04166,-0.0331,-0.04282,-0.04166,-0.05737,-0.01402,-0.04166,-0.0704,0.01701,-0.0421,-0.07074,0.04562,-0.04172,-0.05518,0.06506,-0.04166,-0.02995,0.0714,-0.04166,0.001084,0.05948,-0.04944,0.02968,0.03854,-0.04965,0.0537,0.00888,-0.04965,0.0653,-0.02277,-0.04965,0.06177,-0.04913,-0.04965,0.04395,-0.0642,-0.04965,0.01593,-0.0646,-0.04965,-0.01591,-0.05005,-0.04965,-0.04425,-0.02406,-0.04965,-0.06256,0.007446,-0.04968,-0.0668,0.03693,-0.05032,-0.05707,0.0587,-0.04962,-0.03214,0.0667,-0.04965,-0.001327,0.0551,-0.056,0.02747,0.03366,-0.0562,0.05112,0.0033,-0.0562,0.0609,-0.0279,-0.0562,0.0542,-0.05157,-0.0562,0.0328,-0.06137,-0.0562,0.002457,-0.05466,-0.0562,-0.02873,-0.03326,-0.0562,-0.0524,-0.002922,-0.0562,-0.0622,0.0282,-0.0562,-0.0555,0.05157,-0.05713,-0.03525,0.06174,-0.0562,-0.00381,0.05063,-0.06155,0.02515,0.02863,-0.06177,0.04828,-0.00234,-0.06177,0.05588,-0.0325,-0.06177,0.04553,-0.05228,-0.06177,0.02052,-0.0554,-0.06177,-0.0112,-0.04086,-0.06177,-0.03958,-0.01333,-0.06177,-0.0556,0.01852,-0.06177,-0.05417,0.04456,-0.06177,-0.03577,0.05627,-0.06256,-0.00673,0.04602,-0.06635,0.0228,0.02342,-0.0665,0.04517,-0.00794,-0.0665,0.05008,-0.0362,-0.0665,0.0356,-0.05057,-0.0665,0.00729,-0.04553,-0.0665,-0.02406,-0.02304,-0.0665,-0.04648,0.00832,-0.0665,-0.0514,0.0366,-0.0665,-0.0369,0.05096,-0.0665,-0.00859,0.04126,-0.07043,0.02037,0.02101,-0.0706,0.0404,-0.007095,-0.0706,0.0448,-0.0324,-0.0706,0.03183,-0.0453,-0.0706,0.006462,-0.04077,-0.0706,-0.02162,-0.02063,-0.0706,-0.0417,0.007477,-0.0706,-0.0461,0.0328,-0.0706,-0.03314,0.04565,-0.0706,-0.007763,0.0365,-0.074,0.01785,0.01598,-0.07416,0.0367,-0.01174,-0.07416,0.03812,-0.03387,-0.07416,0.02138,-0.04004,-0.07416,-0.00567,-0.0274,-0.07416,-0.03036,-0.001854,-0.07416,-0.04114,0.02466,-0.07416,-0.033,0.03973,-0.07416,-0.0097,0.03152,-0.07697,0.01535,0.01093,-0.07715,0.03262,-0.01575,-0.07715,0.03047,-0.03308,-0.07715,0.01009,-0.03093,-0.07715,-0.01659,-0.01055,-0.07715,-0.03394,0.01613,-0.07715,-0.03177,0.03348,-0.07715,-0.01139,0.02649,-0.07947,0.01278,0.006016,-0.07965,0.02805,-0.01862,-0.07965,0.02179,-0.02908,-0.07965,-0.001364,-0.0175,-0.07965,-0.02399,0.0074,-0.07965,-0.02904,0.02689,-0.07965,-0.01271,0.02138,-0.08154,0.01016,0.001515,-0.08154,0.02321,-0.0198,-0.08154,0.01242,-0.02112,-0.08154,-0.01143,-0.001131,-0.08154,-0.0245,0.02019,-0.08154,-0.013725,0.01619,-0.08307,0.007523,0.001125,-0.0832,0.01727,-0.01486,-0.0832,0.00911,-0.01578,-0.0832,-0.008804,-0.0007415,-0.0832,-0.01857,0.01525,-0.0832,-0.01042,0.01097,-0.0842,0.004852,0.000816,-0.08435,0.01137,-0.00989,-0.08435,0.005886,-0.0105,-0.08435,-0.006107,-0.000437,-0.08435,-0.01265,0.010284,-0.08435,-0.007206,0.005768,-0.08484,0.002087,0.0006137,-0.085,0.005455,-0.004864,-0.0851,0.002745,-0.00526,-0.0851,-0.003334,-0.0002079,-0.0851,-0.00673,0.005276,-0.085,-0.00405,0.0002937,-0.0849,-0.0005803
-0.0794,-0.005028,0.01094,-0.077,-0.00508,-0.02216,-0.06158,-0.00528,-0.0513,-0.03586,-0.005955,-0.0706,-0.003452,-0.00558,-0.07855,0.02983,-0.004864,-0.07367,0.05734,-0.00508,-0.05594,0.075,-0.00508,-0.02779,0.0797,-0.00508,0.005154,0.0707,-0.005074,0.03717,0.04913,-0.00508,0.0627,0.01945,-0.00508,0.07733,-0.01379,-0.00508,0.07855,-0.04468,-0.00508,0.06616,-0.0678,-0.00508,0.0423,-0.07526,-0.0309,0.009964,-0.073,-0.03102,-0.02145,-0.0582,-0.03104,-0.04916,-0.03342,-0.03108,-0.06836,-0.003141,-0.03137,-0.07526,0.02821,-0.03102,-0.0704,0.05426,-0.03102,-0.0532,0.0709,-0.03102,-0.02649,0.0753,-0.03102,0.004696,0.06665,-0.03104,0.03494,0.0465,-0.03105,0.05914,0.01811,-0.03102,0.0729,-0.01337,-0.03102,0.074,-0.04257,-0.03102,0.0622,-0.06445,-0.03102,0.03955,-0.0708,-0.04153,0.00934,-0.06805,-0.04163,-0.02225,-0.05188,-0.04163,-0.04953,-0.02539,-0.0416,-0.067,0.005592,-0.04178,-0.07104,0.03604,-0.0416,-0.0618,0.05902,-0.04163,-0.04013,0.0703,-0.04163,-0.0105,0.0676,-0.04163,0.02109,0.0515,-0.04163,0.04837,0.02527,-0.0417,0.06604,-0.00624,-0.04163,0.0704,-0.03644,-0.04163,0.06073,-0.05948,-0.04163,0.03894,-0.0661,-0.04953,0.00868,-0.06287,-0.04962,-0.023,-0.04523,-0.04962,-0.04953,-0.01723,-0.0496,-0.0648,0.014404,-0.04965,-0.0651,0.04297,-0.04962,-0.05118,0.06152,-0.04962,-0.02534,0.066,-0.04962,0.006187,0.05524,-0.04962,0.03616,0.0318,-0.04962,0.05774,0.001159,-0.0497,0.06604,-0.03001,-0.04962,0.0589,-0.05426,-0.04962,0.03824,-0.0613,-0.05606,0.008,-0.05737,-0.05618,-0.02367,-0.03818,-0.05618,-0.04916,-0.00872,-0.05618,-0.0616,0.0229,-0.05615,-0.05753,0.04837,-0.05618,-0.03854,0.06082,-0.05618,-0.00916,0.05695,-0.05618,0.0225,0.03772,-0.05618,0.048,0.00837,-0.05618,0.06046,-0.02321,-0.05627,0.05664,-0.0488,-0.05618,0.03738,-0.0563,-0.0616,0.0073,-0.05164,-0.06174,-0.02425,-0.03067,-0.06174,-0.04828,-2.6e-06,-0.06174,-0.05716,0.03056,-0.0617,-0.04803,0.05133,-0.06174,-0.02393,0.0558,-0.06174,0.007645,0.04242,-0.06174,0.03662,0.01556,-0.06174,0.05377,-0.01633,-0.06174,0.05365,-0.04306,-0.0618,0.03638,-0.05115,-0.0664,0.006577,-0.0456,-0.06647,-0.0247,-0.02275,-0.06647,-0.04675,0.0087,-0.06647,-0.05118,0.03674,-0.06647,-0.0363,0.05066,-0.06647,-0.00774,0.04517,-0.06647,0.02354,0.02231,-0.06647,0.0456,-0.00914,-0.06647,0.05002,-0.03717,-0.06647,0.0351,-0.04587,-0.0705,0.005833,-0.04086,-0.0706,-0.02219,-0.0204,-0.0706,-0.04196,0.00777,-0.0706,-0.04593,0.0329,-0.0706,-0.03256,0.04538,-0.0706,-0.006992,0.04044,-0.0706,0.02103,0.01996,-0.0706,0.0408,-0.00821,-0.0706,0.04474,-0.03333,-0.0706,0.0314,-0.0405,-0.07404,0.005093,-0.0346,-0.0741,-0.02208,-0.01276,-0.0741,-0.03915,0.01497,-0.0741,-0.0382,0.03558,-0.0741,-0.01962,0.03946,-0.0741,0.00785,0.02475,-0.0741,0.03137,-0.001634,-0.0741,0.03995,-0.02736,-0.0741,0.02956,-0.035,-0.0771,0.00431,-0.02815,-0.0771,-0.02164,-0.00509,-0.0771,-0.03522,0.02083,-0.0771,-0.02852,0.03442,-0.0771,-0.005455,0.02771,-0.0771,0.02046,0.00465,-0.0771,0.03406,-0.02127,-0.0771,0.02734,-0.02939,-0.0796,0.00352,-0.0215,-0.0796,-0.02072,0.002258,-0.0796,-0.02977,0.02415,-0.0796,-0.01685,0.0277,-0.0796,0.00833,0.01021,-0.0796,0.0268,-0.01512,-0.0796,0.02464,-0.02368,-0.0816,0.002716,-0.01494,-0.08154,-0.01941,0.00872,-0.08154,-0.02274,0.02344,-0.08154,-0.00392,0.0145,-0.08154,0.01823,-0.00916,-0.08154,0.02158,-0.01793,-0.0832,0.001904,-0.01128,-0.0831,-0.01473,0.006504,-0.0831,-0.01723,0.01756,-0.0831,-0.00309,0.01083,-0.0831,0.01356,-0.006943,-0.0831,0.01607,-0.01211,-0.0843,0.001083,-0.007626,-0.0843,-0.01006,0.004284,-0.0843,-0.011734,0.01169,-0.0843,-0.002262,0.00719,-0.0843,0.00889,-0.004723,-0.0843,0.01057,-0.00628,-0.08496,0.0002823,-0.003975,-0.085,-0.005398,0.002062,-0.085,-0.00625,0.005825,-0.085,-0.001447,0.003557,-0.085,0.00422,-0.002487,-0.085,0.00509,-0.0002632,-0.085,-0.000574
-0.01555,-0.004776,-0.0788,0.01762,-0.004963,-0.0781,0.04782,-0.004963,-0.06415,0.0697,-0.004963,-0.03906,0.07947,-0.00496,-0.007267,0.07544,-0.004963,0.0258,0.05835,-0.004963,0.05432,0.03113,-0.004963,0.0734,-0.001521,-0.004963,0.07983,-0.03394,-0.004963,0.0724,-0.06052,-0.00496,0.0523,-0.07666,-0.004974,0.02338,-0.07965,-0.005028,-0.00976,-0.06885,-0.005497,-0.04065,-0.04605,-0.00518,-0.0653,-0.01446,-0.03069,-0.07477,0.01701,-0.03069,-0.0741,0.0455,-0.03069,-0.06064,0.06604,-0.03069,-0.03677,0.0751,-0.03069,-0.006615,0.0711,-0.03069,0.02464,0.05475,-0.03069,0.05154,0.02885,-0.03069,0.0695,-0.002085,-0.03069,0.0754,-0.03275,-0.03069,0.0681,-0.05786,-0.03072,0.04922,-0.07294,-0.03069,0.02142,-0.0755,-0.03069,-0.00997,-0.0651,-0.03069,-0.0397,-0.04352,-0.0307,-0.06256,-0.01363,-0.0413,-0.0704,0.01805,-0.0413,-0.06915,0.04608,-0.0413,-0.05435,0.0649,-0.0413,-0.02885,0.0708,-0.0413,0.002293,0.06256,-0.0413,0.03293,0.0419,-0.0413,0.05695,0.012856,-0.0413,0.06964,-0.01881,-0.0413,0.0684,-0.04684,-0.0413,0.05362,-0.0658,-0.04135,0.0283,-0.0716,-0.0413,-0.003021,-0.06335,-0.0413,-0.03366,-0.0427,-0.0413,-0.05768,-0.01276,-0.04932,-0.06573,0.01904,-0.0493,-0.064,0.0464,-0.0493,-0.0477,0.063,-0.0493,-0.02052,0.0651,-0.0493,0.011246,0.05222,-0.0493,0.04034,0.02727,-0.0493,0.06015,-0.00402,-0.0493,0.06604,-0.0345,-0.0493,0.05676,-0.05713,-0.0493,0.0344,-0.0669,-0.04938,0.004204,-0.06122,-0.0493,-0.02731,-0.04172,-0.0493,-0.0525,-0.01185,-0.05585,-0.06094,0.01997,-0.05585,-0.05856,0.04633,-0.05585,-0.0406,0.06018,-0.05585,-0.01183,0.0578,-0.05585,0.01999,0.03983,-0.05585,0.04636,0.01108,-0.05585,0.0602,-0.02075,-0.05585,0.05783,-0.04712,-0.05585,0.03986,-0.06094,-0.05585,0.0111,-0.0587,-0.05597,-0.02058,-0.04062,-0.05585,-0.0471,-0.01091,-0.0614,-0.05597,0.02083,-0.06137,-0.05283,0.04584,-0.06137,-0.03305,0.05615,-0.06137,-0.00287,0.04852,-0.06137,0.02809,0.02538,-0.06137,0.05002,-0.00596,-0.06137,0.05594,-0.03552,-0.06137,0.044,-0.05392,-0.06137,0.01796,-0.05533,-0.06137,-0.01389,-0.03937,-0.06152,-0.04138,-0.00994,-0.06616,-0.05084,0.02156,-0.06616,-0.04684,0.04468,-0.06616,-0.02505,0.0506,-0.06616,0.006145,0.03702,-0.06616,0.03485,0.00917,-0.06616,0.0501,-0.02234,-0.06616,0.04608,-0.04544,-0.06616,0.02432,-0.05136,-0.06616,-0.00688,-0.0378,-0.06616,-0.03558,-0.00895,-0.0703,-0.0456,0.01927,-0.07025,-0.042,0.03998,-0.07025,-0.02249,0.0453,-0.07025,0.00547,0.0331,-0.07025,0.03119,0.00817,-0.07025,0.04486,-0.02005,-0.07025,0.04126,-0.04077,-0.07025,0.02174,-0.04605,-0.07025,-0.006203,-0.0339,-0.07025,-0.03192,-0.00795,-0.07385,-0.04025,0.01945,-0.0738,-0.03574,0.03757,-0.0738,-0.01472,0.0379,-0.0738,0.01303,0.02032,-0.0738,0.03452,-0.00693,-0.0738,0.03967,-0.03113,-0.0738,0.0261,-0.04095,-0.0738,0.0001396,-0.0318,-0.0738,-0.02605,-0.00691,-0.07684,-0.0348,0.01932,-0.0768,-0.02927,0.03397,-0.0768,-0.006874,0.02852,-0.0768,0.01933,0.006115,-0.0768,0.034,-0.0201,-0.0768,0.02853,-0.03476,-0.0768,0.006138,-0.02928,-0.0768,-0.02007,-0.005856,-0.07935,-0.02922,0.01872,-0.0793,-0.02257,0.02888,-0.0793,0.000726,0.01701,-0.0793,0.02321,-0.00797,-0.0793,0.02792,-0.02724,-0.0793,0.011345,-0.02629,-0.0793,-0.01405,-0.004784,-0.08136,-0.02357,0.0177,-0.0812,-0.01596,0.02217,-0.0812,0.0075,0.004074,-0.0812,0.0231,-0.01848,-0.0812,0.01523,-0.02293,-0.0812,-0.00823,-0.0037,-0.08295,-0.01784,0.013214,-0.0828,-0.01208,0.01656,-0.0828,0.005554,0.002954,-0.0828,0.01727,-0.013985,-0.0828,0.011345,-0.01733,-0.0828,-0.00629,-0.00261,-0.08405,-0.01208,0.00872,-0.084,-0.00822,0.01096,-0.084,0.0036,0.001851,-0.084,0.01145,-0.0095,-0.084,0.007477,-0.01174,-0.084,-0.004337,-0.001529,-0.0848,-0.00629,0.00424,-0.08466,-0.00436,0.005386,-0.08466,0.001638,0.000763,-0.08466,0.00564,-0.005005,-0.08466,0.00363,-0.00616,-0.08466,-0.00236,-0.000374,-0.08484,-0.0003376
-0.06122,-0.004692,0.05093,-0.07684,-0.005333,0.02121,-0.079,-0.00489,-0.011856,-0.0674,-0.00489,-0.04303,-0.04407,-0.00489,-0.0668,-0.01312,-0.00489,-0.079,0.0201,-0.00489,-0.0776,0.04984,-0.004894,-0.06274,0.07074,-0.004807,-0.0375,0.0787,-0.005722,-0.004818,0.0752,-0.00508,0.02783,0.05725,-0.00489,0.0559,0.02953,-0.00489,0.07434,-0.003275,-0.00489,0.07983,-0.0355,-0.00489,0.07153,-0.05786,-0.03056,0.04843,-0.0727,-0.0305,0.02063,-0.0749,-0.0305,-0.01077,-0.06415,-0.0305,-0.04034,-0.04227,-0.0305,-0.063,-0.01309,-0.0305,-0.0748,0.01837,-0.0305,-0.0737,0.04666,-0.0305,-0.05994,0.06683,-0.03053,-0.0358,0.07556,-0.03052,-0.005585,0.0712,-0.0305,0.02559,0.05457,-0.0305,0.05228,0.02847,-0.0305,0.0699,-0.002518,-0.0305,0.0754,-0.03308,-0.0305,0.0678,-0.0544,-0.04117,0.0455,-0.0689,-0.0411,0.01733,-0.0697,-0.0411,-0.01434,-0.0567,-0.0411,-0.04324,-0.03244,-0.0411,-0.0636,-0.00172,-0.0411,-0.0715,0.02934,-0.0411,-0.0652,0.0546,-0.0411,-0.04605,0.0691,-0.0411,-0.01787,0.0699,-0.0411,0.0138,0.05685,-0.0411,0.0427,0.0326,-0.0411,0.06305,0.001897,-0.0411,0.0709,-0.02917,-0.0411,0.06464,-0.0508,-0.04916,0.04248,-0.0649,-0.0491,0.01394,-0.064,-0.0491,-0.01788,-0.04852,-0.0491,-0.04565,-0.02185,-0.0491,-0.06305,0.00984,-0.0491,-0.06604,0.0393,-0.0491,-0.054,0.05975,-0.0491,-0.0296,0.0666,-0.0491,0.001485,0.05814,-0.0491,0.03217,0.0364,-0.0491,0.05542,0.006355,-0.0491,0.0659,-0.02513,-0.0491,0.06128,-0.0471,-0.05573,0.03934,-0.0606,-0.05566,0.01046,-0.05783,-0.05566,-0.02132,-0.03955,-0.05566,-0.04745,-0.01064,-0.05566,-0.06094,0.02113,-0.05566,-0.05817,0.04727,-0.05566,-0.0399,0.06076,-0.05566,-0.010994,0.05798,-0.05566,0.02078,0.0397,-0.05566,0.0469,0.01081,-0.05563,0.0604,-0.02097,-0.05566,0.05765,-0.0432,-0.06128,0.0361,-0.05603,-0.0612,0.00692,-0.051,-0.0612,-0.02457,-0.02975,-0.0612,-0.04834,0.000958,-0.0612,-0.05682,0.0314,-0.0612,-0.0474,0.0519,-0.0612,-0.02296,0.05594,-0.0612,0.008644,0.04227,-0.0612,0.0374,0.01518,-0.0612,0.05426,-0.01668,-0.06122,0.05377,-0.0392,-0.06604,0.03275,-0.05115,-0.066,0.003338,-0.0435,-0.066,-0.02747,-0.01918,-0.066,-0.04788,0.01249,-0.066,-0.0501,0.03943,-0.066,-0.0333,0.05133,-0.066,-0.003876,0.04367,-0.066,0.02693,0.01935,-0.066,0.04733,-0.012314,-0.066,0.0496,-0.03513,-0.0701,0.02931,-0.0458,-0.07007,0.002962,-0.03894,-0.07007,-0.02464,-0.01717,-0.07007,-0.04294,0.0112,-0.07007,-0.04492,0.0353,-0.07007,-0.02986,0.046,-0.07007,-0.0035,0.03912,-0.07007,0.0241,0.01735,-0.07007,0.0424,-0.011024,-0.07007,0.0444,-0.03098,-0.07367,0.02582,-0.04047,-0.0736,-0.0002513,-0.03099,-0.0736,-0.02632,-0.006973,-0.0736,-0.0402,0.02034,-0.0736,-0.0354,0.03818,-0.0736,-0.01415,0.03818,-0.0736,0.01358,0.02037,-0.0736,0.03482,-0.006935,-0.0736,0.03967,-0.02673,-0.0767,0.02225,-0.03476,-0.0766,-0.003302,-0.0224,-0.0766,-0.02704,0.003117,-0.0766,-0.0351,0.02686,-0.0766,-0.02275,0.0349,-0.0766,0.002762,0.02257,-0.0766,0.0265,-0.002943,-0.0766,0.03458,-0.02238,-0.0792,0.0186,-0.02863,-0.0791,-0.00606,-0.01328,-0.0791,-0.02632,0.012115,-0.0791,-0.02696,0.02846,-0.0791,-0.007507,0.02344,-0.0791,0.0174,0.0008316,-0.0791,0.029,-0.01797,-0.08124,0.0149,-0.02235,-0.081,-0.00845,-0.004047,-0.081,-0.02379,0.01839,-0.081,-0.01561,0.02252,-0.081,0.00791,0.004223,-0.081,0.02325,-0.01352,-0.08276,0.011154,-0.01677,-0.08264,-0.00641,-0.003029,-0.08264,-0.01794,0.01383,-0.08264,-0.0118,0.01695,-0.08264,0.005863,0.003208,-0.08264,0.0174,-0.00903,-0.0839,0.007385,-0.01121,-0.0838,-0.004387,-0.001995,-0.0838,-0.012115,0.0093,-0.0838,-0.007996,0.01138,-0.0838,0.003836,0.002186,-0.0838,0.011566,-0.00454,-0.0846,0.0036,-0.005634,-0.08453,-0.002407,-0.000929,-0.08453,-0.006298,0.00478,-0.08453,-0.00418,0.00583,-0.08453,0.001808,0.001171,-0.08453,0.005733,0.0001014,-0.08466,-0.0002918
0.07294,-0.004433,-0.03305,0.08014,-0.004738,-0.0001978,0.07324,-0.004738,0.03238,0.05368,-0.004738,0.05936,0.0249,-0.004738,0.0761,-0.00819,-0.004738,0.0797,-0.03986,-0.004738,0.0694,-0.0647,-0.004738,0.04718,-0.0783,-0.004738,0.01682,-0.0784,-0.004738,-0.01646,-0.06494,-0.004738,-0.0469,-0.04013,-0.00473,-0.06934,-0.008484,-0.00473,-0.0798,0.02457,-0.004738,-0.0763,0.05344,-0.004738,-0.05963,0.069,-0.0303,-0.03195,0.0759,-0.03026,-0.001172,0.06976,-0.03024,0.0298,0.05157,-0.03024,0.05554,0.0245,-0.03024,0.07166,-0.006847,-0.03026,0.0754,-0.03702,-0.03027,0.06604,-0.06076,-0.03026,0.0453,-0.074,-0.03026,0.01662,-0.0744,-0.03026,-0.01496,-0.06152,-0.03017,-0.04388,-0.03876,-0.03026,-0.0654,-0.00893,-0.03027,-0.0755,0.02255,-0.03026,-0.07263,0.05008,-0.03026,-0.05722,0.0649,-0.04092,-0.03004,0.0714,-0.04086,0.001014,0.06384,-0.04086,0.0319,0.04364,-0.04086,0.05637,0.01481,-0.0409,0.06964,-0.01698,-0.04086,0.06915,-0.04538,-0.04086,0.0549,-0.06476,-0.04086,0.02975,-0.07135,-0.04086,-0.001344,-0.0637,-0.04086,-0.03223,-0.04312,-0.04074,-0.05658,-0.01465,-0.0409,-0.07,0.01709,-0.04086,-0.06946,0.04547,-0.04086,-0.05524,0.06058,-0.04895,-0.02808,0.06665,-0.04886,0.00324,0.05743,-0.04886,0.03378,0.03506,-0.04883,0.05655,0.004707,-0.04886,0.06635,-0.02675,-0.04886,0.06088,-0.05206,-0.04886,0.04144,-0.0654,-0.04886,0.012474,-0.0638,-0.04886,-0.01941,-0.0475,-0.04886,-0.04688,-0.02002,-0.04865,-0.0634,0.011505,-0.04886,-0.06586,0.04068,-0.04886,-0.053,0.05612,-0.05548,-0.02602,0.06158,-0.05542,0.005478,0.0505,-0.05542,0.03546,0.02592,-0.05542,0.0559,-0.005592,-0.05542,0.06134,-0.03558,-0.05542,0.0503,-0.05606,-0.05542,0.02573,-0.06146,-0.05542,-0.0058,-0.0504,-0.05542,-0.0358,-0.02579,-0.05542,-0.05627,0.005947,-0.05515,-0.06152,0.03574,-0.05542,-0.0506,0.05154,-0.06104,-0.0239,0.0562,-0.06097,0.0077,0.04303,-0.06097,0.0368,0.01625,-0.06097,0.0542,-0.01573,-0.06097,0.05432,-0.04266,-0.06097,0.03714,-0.05606,-0.06097,0.008125,-0.05164,-0.06097,-0.02353,-0.03079,-0.06097,-0.04776,-0.0001526,-0.06097,-0.05685,0.03065,-0.06076,-0.04794,0.04678,-0.0658,-0.02171,0.05057,-0.06573,0.00989,0.035,-0.06573,0.03763,0.006115,-0.06573,0.05096,-0.0251,-0.06573,0.04477,-0.04672,-0.06573,0.02142,-0.05048,-0.06573,-0.01019,-0.0349,-0.06573,-0.03796,-0.006016,-0.06573,-0.0513,0.0252,-0.06573,-0.0451,0.0419,-0.0699,-0.01947,0.04532,-0.0698,0.00884,0.03137,-0.0698,0.03372,0.00548,-0.0698,0.04565,-0.02249,-0.0698,0.0401,-0.04184,-0.0698,0.01917,-0.0452,-0.0698,-0.00915,-0.03128,-0.0698,-0.03403,-0.005383,-0.0698,-0.04596,0.02258,-0.0698,-0.0404,0.037,-0.0734,-0.01718,0.03928,-0.07336,0.01054,0.02322,-0.07336,0.03323,-0.003662,-0.07336,0.04034,-0.02881,-0.07336,0.02847,-0.04047,-0.07336,0.00322,-0.03314,-0.07336,-0.0236,-0.01031,-0.07336,-0.03946,0.01738,-0.07336,-0.03693,0.03192,-0.0765,-0.01486,0.03293,-0.07635,0.01197,0.014725,-0.07635,0.03168,-0.01208,-0.07635,0.03275,-0.03177,-0.07635,0.01453,-0.03284,-0.07635,-0.01228,-0.01463,-0.07635,-0.03198,0.01218,-0.07635,-0.03305,0.02676,-0.079,-0.01248,0.02629,-0.07886,0.01302,0.006104,-0.07886,0.02858,-0.01863,-0.07886,0.02249,-0.0293,-0.07886,-0.000643,-0.01787,-0.07886,-0.0234,0.007057,-0.07886,-0.02867,0.02153,-0.081,-0.010056,0.0196,-0.08075,0.01365,-0.002134,-0.08075,0.02368,-0.02168,-0.08075,0.00987,-0.0195,-0.08075,-0.01396,0.002232,-0.08075,-0.02399,0.01622,-0.0825,-0.007618,0.01473,-0.0824,0.01022,-0.001595,-0.0824,0.01775,-0.01628,-0.0824,0.007378,-0.01463,-0.0824,-0.01053,0.001692,-0.0824,-0.01807,0.010895,-0.0836,-0.00513,0.00989,-0.0835,0.0068,-0.001052,-0.08356,0.01184,-0.010895,-0.08356,0.004887,-0.00979,-0.08356,-0.00711,0.001154,-0.08356,-0.01215,0.005516,-0.08435,-0.002695,0.005062,-0.0843,0.003374,-0.0004992,-0.0843,0.005943,-0.005512,-0.0843,0.002413,-0.00495,-0.0843,-0.003683,0.0005918,-0.0843,-0.00626,5.6e-06,-0.0844,-0.0001274
-0.0294,-0.00446,-0.0746,0.003487,-0.00481,-0.0801,0.03577,-0.004807,-0.07184,0.06186,-0.00481,-0.05115,0.07733,-0.00481,-0.02165,0.0794,-0.00481,0.0116,0.0678,-0.00481,0.04282,0.04456,-0.00481,0.06665,0.01358,-0.00481,0.0789,-0.0197,-0.00481,0.0775,-0.04953,-0.00481,0.06256,-0.0708,-0.00481,0.03708,-0.0798,-0.00481,0.004993,-0.0749,-0.00481,-0.02795,-0.05707,-0.00481,-0.0561,-0.02753,-0.03035,-0.07086,0.003613,-0.03035,-0.0762,0.0342,-0.03035,-0.0683,0.059,-0.03035,-0.0487,0.07367,-0.03035,-0.02074,0.0757,-0.03035,0.01079,0.0647,-0.03035,0.0404,0.0426,-0.03035,0.063,0.01324,-0.03035,0.07465,-0.01833,-0.03035,0.07336,-0.04663,-0.03032,0.0592,-0.0668,-0.03035,0.035,-0.0753,-0.03035,0.004593,-0.07074,-0.03035,-0.02666,-0.05383,-0.03035,-0.05334,-0.02586,-0.041,-0.06665,0.00556,-0.04095,-0.07153,0.03598,-0.04095,-0.06226,0.0594,-0.04095,-0.0407,0.0711,-0.04095,-0.01117,0.06885,-0.04095,0.02055,0.05307,-0.04095,0.04816,0.02686,-0.04095,0.06616,-0.004566,-0.04095,0.07104,-0.03497,-0.04095,0.06177,-0.05835,-0.04095,0.0402,-0.0701,-0.04095,0.01067,-0.0679,-0.04095,-0.02104,-0.05206,-0.04095,-0.04865,-0.02412,-0.04898,-0.06226,0.00752,-0.04895,-0.0666,0.03757,-0.04895,-0.05576,0.0591,-0.04895,-0.03217,0.0672,-0.04895,-0.001272,0.06006,-0.04895,0.02985,0.03925,-0.04895,0.05408,0.00956,-0.04895,0.06586,-0.0222,-0.04895,0.0625,-0.04877,-0.04895,0.04477,-0.064,-0.04895,0.01674,-0.0645,-0.04895,-0.01521,-0.05014,-0.04895,-0.04373,-0.02231,-0.0555,-0.0577,0.009476,-0.0555,-0.06143,0.03885,-0.0555,-0.04874,0.05798,-0.0555,-0.02306,0.06168,-0.0555,0.008736,0.04898,-0.0555,0.03812,0.02332,-0.0555,0.05722,-0.00848,-0.0555,0.06094,-0.03787,-0.0555,0.04825,-0.05698,-0.0555,0.02257,-0.0607,-0.05557,-0.009155,-0.048,-0.0555,-0.0386,-0.02045,-0.06107,-0.053,0.011406,-0.06104,-0.05594,0.0398,-0.06107,-0.0412,0.0557,-0.06107,-0.013466,0.05408,-0.06107,0.01848,0.03546,-0.06107,0.04446,0.00573,-0.06107,0.05627,-0.02567,-0.06107,0.05014,-0.04874,-0.06107,0.028,-0.05618,-0.06107,-0.00311,-0.0457,-0.06113,-0.03323,-0.01851,-0.06586,-0.04816,0.01327,-0.0658,-0.05017,0.0402,-0.0658,-0.03314,0.05194,-0.0658,-0.003527,0.04404,-0.0658,0.02733,0.01952,-0.0658,0.04767,-0.012276,-0.0658,0.04968,-0.03918,-0.0658,0.03265,-0.05093,-0.0658,0.003036,-0.04303,-0.0658,-0.02782,-0.01654,-0.06995,-0.04315,0.01194,-0.06995,-0.04498,0.03604,-0.06995,-0.02971,0.04657,-0.06995,-0.003185,0.03952,-0.06995,0.02446,0.01753,-0.06995,0.04266,-0.01095,-0.06995,0.0445,-0.03506,-0.06995,0.02922,-0.0456,-0.06995,0.002695,-0.0385,-0.06995,-0.02495,-0.01453,-0.0735,-0.0381,0.013306,-0.0734,-0.03885,0.03513,-0.0734,-0.02159,0.04074,-0.0734,0.00566,0.02754,-0.0734,0.03015,0.001671,-0.0734,0.04044,-0.02475,-0.0734,0.03165,-0.03934,-0.0734,0.00797,-0.0353,-0.0734,-0.01956,-0.012474,-0.0765,-0.03293,0.014404,-0.0764,-0.03244,0.0331,-0.0764,-0.01319,0.0327,-0.0764,0.01366,0.01344,-0.0764,0.03235,-0.013405,-0.0764,0.03195,-0.0321,-0.0764,0.012695,-0.0317,-0.0764,-0.01415,-0.01038,-0.079,-0.02765,0.01509,-0.0789,-0.02574,0.02954,-0.0789,-0.004738,0.02211,-0.0789,0.01965,-0.001584,-0.0789,0.02907,-0.02371,-0.0789,0.0164,-0.02762,-0.0789,-0.0088,-0.008255,-0.081,-0.0223,0.01535,-0.0809,-0.01903,0.02419,-0.0809,0.003231,0.00933,-0.0809,0.022,-0.01436,-0.0809,0.01852,-0.0232,-0.0809,-0.003723,-0.0061,-0.0825,-0.01688,0.01166,-0.08246,-0.01436,0.0183,-0.08246,0.002367,0.007133,-0.08246,0.01648,-0.010666,-0.08246,0.01386,-0.0173,-0.08246,-0.00286,-0.003933,-0.0837,-0.011406,0.00797,-0.0836,-0.0097,0.01242,-0.0836,0.001505,0.004944,-0.0836,0.010956,-0.00698,-0.0836,0.00921,-0.01143,-0.0836,-0.001997,-0.001758,-0.08435,-0.005928,0.004303,-0.08435,-0.005043,0.00655,-0.08435,0.0006447,0.002754,-0.08435,0.00544,-0.003296,-0.08435,0.00455,-0.005558,-0.08435,-0.001126,0.0004864,-0.0844,-0.0002823
-0.0802,-0.004818,0.001273,-0.0736,-0.00497,-0.03143,-0.0546,-0.00497,-0.05865,-0.02605,-0.00497,-0.07574,0.006985,-0.00497,-0.0797,0.0388,-0.00497,-0.0699,0.06384,-0.00497,-0.04803,0.0776,-0.005123,-0.01776,0.07825,-0.005013,0.01542,0.0653,-0.00497,0.046,0.04095,-0.00497,0.0686,0.00946,-0.00497,0.0794,-0.02368,-0.00497,0.0764,-0.05273,-0.00497,0.06027,-0.0726,-0.005283,0.03354,-0.0759,-0.03069,0.001134,-0.06995,-0.03064,-0.02977,-0.05188,-0.03064,-0.05554,-0.02489,-0.03064,-0.0718,0.006363,-0.03064,-0.07556,0.03647,-0.03064,-0.06635,0.0602,-0.03064,-0.0457,0.0735,-0.03064,-0.01717,0.07404,-0.03064,0.01431,0.06174,-0.03064,0.04327,0.0388,-0.03065,0.0648,0.00894,-0.03064,0.07495,-0.02242,-0.03064,0.0722,-0.04996,-0.03064,0.05695,-0.0689,-0.03064,0.0318,-0.0714,-0.04132,0.001057,-0.06494,-0.04126,-0.02995,-0.0456,-0.04126,-0.05505,-0.01729,-0.04126,-0.0693,0.0144,-0.04126,-0.0698,0.04318,-0.04126,-0.05658,0.06335,-0.04126,-0.03214,0.0709,-0.04126,-0.001378,0.0644,-0.04126,0.02963,0.04507,-0.04126,0.05475,0.01685,-0.0413,0.06903,-0.01491,-0.04126,0.0695,-0.0437,-0.04126,0.05624,-0.06384,-0.04126,0.03183,-0.0667,-0.04932,0.000976,-0.05966,-0.04926,-0.03006,-0.03897,-0.04926,-0.05423,-0.00941,-0.04926,-0.06604,0.02225,-0.04926,-0.06274,0.04877,-0.04926,-0.0451,0.064,-0.04926,-0.01718,0.0646,-0.04926,0.01465,0.05026,-0.04926,0.0431,0.02438,-0.04926,0.0616,-0.007076,-0.0493,0.06604,-0.03708,-0.04926,0.0552,-0.0586,-0.04926,0.03174,-0.06186,-0.05585,0.0008926,-0.05414,-0.0558,-0.03006,-0.03198,-0.0558,-0.05298,-0.001313,-0.0558,-0.06177,0.02963,-0.0558,-0.05405,0.05258,-0.0558,-0.0319,0.06134,-0.0558,-0.001214,0.05362,-0.0558,0.02972,0.03146,-0.0558,0.05267,0.000796,-0.0558,0.06146,-0.03009,-0.05585,0.05377,-0.0531,-0.0558,0.03156,-0.0568,-0.0614,0.000808,-0.04837,-0.06134,-0.02992,-0.02464,-0.06134,-0.0512,0.006832,-0.06134,-0.05627,0.03604,-0.06134,-0.04355,0.05374,-0.06134,-0.01703,0.0543,-0.06134,0.01485,0.0375,-0.06134,0.04196,0.00874,-0.06134,0.0557,-0.02287,-0.06134,0.0517,-0.04727,-0.0614,0.03128,-0.05157,-0.06616,0.000717,-0.04233,-0.0661,-0.02963,-0.01697,-0.0661,-0.04874,0.01477,-0.0661,-0.0493,0.04077,-0.0661,-0.03105,0.0511,-0.0661,-0.0010395,0.0418,-0.0661,0.02931,0.01645,-0.0661,0.0484,-0.0153,-0.0661,0.04895,-0.0413,-0.0661,0.03073,-0.04623,-0.07025,0.0006256,-0.03793,-0.0702,-0.02657,-0.01523,-0.0702,-0.04367,0.01321,-0.0702,-0.04416,0.0365,-0.0702,-0.02785,0.04575,-0.0702,-0.0009475,0.0374,-0.0702,0.02625,0.01471,-0.0702,0.04337,-0.01373,-0.0702,0.04385,-0.03702,-0.0702,0.02753,-0.0408,-0.0738,0.000529,-0.03177,-0.0737,-0.0257,-0.00798,-0.0737,-0.03998,0.01941,-0.0737,-0.0356,0.0376,-0.0737,-0.01468,0.03806,-0.0737,0.013054,0.02061,-0.0737,0.0346,-0.00662,-0.0737,0.0399,-0.03087,-0.0737,0.02643,-0.03528,-0.07684,0.0004373,-0.0254,-0.0767,-0.02446,-0.000858,-0.0767,-0.03513,0.02403,-0.0767,-0.0253,0.0347,-0.0767,-0.0007586,0.02489,-0.0767,0.02414,0.0003378,-0.0767,0.0348,-0.02455,-0.0767,0.02498,-0.0296,-0.07935,0.0003405,-0.0189,-0.0792,-0.02274,0.005768,-0.0792,-0.02881,0.0259,-0.0792,-0.01331,0.02634,-0.0792,0.01209,0.006744,-0.0792,0.02827,-0.01813,-0.0792,0.02304,-0.02385,-0.08136,0.0002418,-0.01254,-0.0811,-0.02063,0.01132,-0.0811,-0.02104,0.0236,-0.0811,-0.000564,0.012024,-0.0811,0.02031,-0.01185,-0.0811,0.02072,-0.01802,-0.08295,0.0001426,-0.0095,-0.08276,-0.01555,0.00844,-0.08276,-0.01585,0.01767,-0.08276,-0.0004663,0.00897,-0.08276,0.01522,-0.008965,-0.08276,0.01553,-0.01215,-0.08405,4.23e-05,-0.00645,-0.0839,-0.01047,0.00557,-0.0839,-0.01067,0.01176,-0.0839,-0.0003653,0.005924,-0.0839,0.01015,-0.006096,-0.0839,0.01035,-0.00626,-0.0847,-6.43e-05,-0.003386,-0.08466,-0.005413,0.002714,-0.08466,-0.00549,0.00584,-0.08466,-0.0002623,0.00289,-0.08466,0.00507,-0.003214,-0.08466,0.00519,-0.0001924,-0.08484,-0.0001602
0.034,-0.004734,-0.07275,0.0603,-0.005035,-0.0527,0.07587,-0.005447,-0.02428,0.07855,-0.00548,0.00976,0.06866,-0.004967,0.0411,0.046,-0.004967,0.0654,0.015366,-0.004967,0.0784,-0.0179,-0.004967,0.0779,-0.04807,-0.004967,0.06384,-0.0699,-0.004967,0.03876,-0.0794,-0.004967,0.006824,-0.0756,-0.004967,-0.02608,-0.05847,-0.004967,-0.0546,-0.03123,-0.004967,-0.0737,0.001438,-0.004963,-0.0801,0.03207,-0.03062,-0.06903,0.05722,-0.03073,-0.05008,0.07245,-0.03078,-0.02266,0.0752,-0.03075,0.00884,0.06506,-0.03073,0.0386,0.04358,-0.03073,0.06165,0.0146,-0.03073,0.074,-0.01688,-0.03073,0.0734,-0.04544,-0.03073,0.06015,-0.0661,-0.03073,0.0364,-0.07526,-0.03073,0.006275,-0.07153,-0.03073,-0.02496,-0.0553,-0.03073,-0.05197,-0.02951,-0.03073,-0.07,0.001384,-0.03073,-0.07605,0.03018,-0.04123,-0.06494,0.0552,-0.04135,-0.04547,0.0693,-0.04138,-0.01717,0.06976,-0.04135,0.01459,0.05637,-0.04135,0.04333,0.03183,-0.04135,0.0634,0.00104,-0.04135,0.07086,-0.02995,-0.04135,0.0642,-0.055,-0.04135,0.04477,-0.0691,-0.04135,0.0164,-0.06946,-0.04132,-0.01531,-0.05615,-0.04135,-0.04404,-0.03162,-0.04135,-0.0641,-0.0008197,-0.04135,-0.07153,0.0282,-0.04926,-0.06067,0.05298,-0.04935,-0.04068,0.0657,-0.04935,-0.01152,0.06335,-0.04935,0.02025,0.04654,-0.04935,0.04727,0.01909,-0.04935,0.0634,-0.01272,-0.04935,0.06494,-0.0416,-0.04935,0.05148,-0.06088,-0.04935,0.02617,-0.0662,-0.04935,-0.005222,-0.05627,-0.0493,-0.03552,-0.03357,-0.04935,-0.0577,-0.003054,-0.04935,-0.0668,0.02614,-0.0558,-0.05624,0.05057,-0.05588,-0.03574,0.0615,-0.0559,-0.005756,0.05597,-0.05588,0.02567,0.0355,-0.05588,0.0501,0.00552,-0.05588,0.06104,-0.02591,-0.05588,0.05554,-0.05035,-0.05588,0.03503,-0.06128,-0.05588,0.005062,-0.05576,-0.05588,-0.02637,-0.0352,-0.05582,-0.05084,-0.00529,-0.05588,-0.06174,0.02402,-0.06134,-0.05167,0.04794,-0.06143,-0.0306,0.05667,-0.06143,6.72e-05,0.0475,-0.06143,0.0306,0.02324,-0.06143,0.0513,-0.008354,-0.06143,0.0556,-0.03726,-0.06143,0.04214,-0.0543,-0.06143,0.0152,-0.05408,-0.06143,-0.0167,-0.03662,-0.06143,-0.0434,-0.007465,-0.06134,-0.05643,0.0218,-0.0661,-0.04697,0.045,-0.0662,-0.02528,0.05112,-0.0662,0.005882,0.0377,-0.0662,0.03467,0.00994,-0.0662,0.05008,-0.02158,-0.0662,0.04623,-0.0448,-0.0662,0.02458,-0.0509,-0.0662,-0.00658,-0.03748,-0.0662,-0.03537,-0.00972,-0.0662,-0.05078,0.01955,-0.07025,-0.0421,0.04034,-0.0703,-0.02269,0.0458,-0.0703,0.005234,0.03378,-0.0703,0.03102,0.00892,-0.0703,0.04483,-0.01932,-0.0703,0.04138,-0.04013,-0.0703,0.02199,-0.0456,-0.0703,-0.00593,-0.03357,-0.0703,-0.0317,-0.0087,-0.0703,-0.04553,0.01727,-0.0738,-0.0372,0.03687,-0.07385,-0.0175,0.03928,-0.07385,0.010124,0.02339,-0.07385,0.03287,-0.0034,-0.07385,0.04007,-0.02855,-0.07385,0.02835,-0.04028,-0.07385,0.003212,-0.0331,-0.07385,-0.02359,-0.01041,-0.07385,-0.03952,0.014915,-0.0768,-0.03217,0.03296,-0.07684,-0.01233,0.0318,-0.07684,0.01441,0.01209,-0.07684,0.0325,-0.01465,-0.07684,0.03134,-0.03275,-0.07684,0.011635,-0.0316,-0.07684,-0.01511,-0.01187,-0.07684,-0.0332,0.01253,-0.07935,-0.02702,0.02858,-0.07935,-0.00724,0.02324,-0.07935,0.01761,0.000492,-0.07935,0.02895,-0.02255,-0.07935,0.01822,-0.02853,-0.07935,-0.006493,-0.01294,-0.07935,-0.02657,0.0101,-0.08136,-0.0218,0.0239,-0.08124,-0.00244,0.01382,-0.08124,0.01921,-0.00998,-0.08124,0.0213,-0.02368,-0.08124,0.001742,-0.013596,-0.08124,-0.0199,0.00764,-0.08295,-0.01653,0.01797,-0.0829,-0.001925,0.010414,-0.0829,0.01434,-0.007465,-0.0829,0.01593,-0.01778,-0.0829,0.001228,-0.01019,-0.0829,-0.015045,0.005173,-0.08405,-0.01121,0.012085,-0.084,-0.001408,0.007015,-0.084,0.00949,-0.004967,-0.084,0.01056,-0.01187,-0.084,0.0007043,-0.006786,-0.084,-0.0102,0.002705,-0.0848,-0.005875,0.006187,-0.0847,-0.000864,0.003609,-0.0847,0.00465,-0.002466,-0.0847,0.00519,-0.00598,-0.0847,0.0001869,-0.003393,-0.0847,-0.005352,0.00011003,-0.0849,-0.0003965
-0.08,-0.004337,-0.004173,-0.0712,-0.004738,-0.03635,-0.0503,-0.004738,-0.0622,-0.02066,-0.004738,-0.0773,0.012566,-0.004738,-0.07904,0.0436,-0.004738,-0.0671,0.06714,-0.004738,-0.04355,0.07904,-0.004738,-0.0125,0.07733,-0.004738,0.02072,0.0622,-0.004738,0.05035,0.03625,-0.004738,0.0712,0.0042,-0.004738,0.0799,-0.02866,-0.004738,0.0747,-0.05655,-0.004738,0.05655,-0.07465,-0.004734,0.02866,-0.0757,-0.0302,-0.003963,-0.0675,-0.03024,-0.03436,-0.04773,-0.03024,-0.05884,-0.01968,-0.03024,-0.0731,0.01176,-0.03023,-0.07477,0.0411,-0.03023,-0.06354,0.0634,-0.03023,-0.04123,0.0747,-0.03024,-0.01187,0.07306,-0.03024,0.01956,0.05878,-0.03024,0.0476,0.03427,-0.03023,0.0674,0.0039,-0.03024,0.07556,-0.02719,-0.03024,0.0707,-0.05356,-0.03024,0.05353,-0.0707,-0.03024,0.02713,-0.07117,-0.0408,-0.00373,-0.0625,-0.04086,-0.0342,-0.0415,-0.04086,-0.05792,-0.012276,-0.04083,-0.0701,0.01936,-0.04083,-0.0685,0.04715,-0.04086,-0.05328,0.0656,-0.04086,-0.02751,0.07104,-0.04086,0.003695,0.06238,-0.04086,0.03418,0.04135,-0.04086,0.0579,0.01211,-0.04083,0.07007,-0.01952,-0.04086,0.0685,-0.0473,-0.04086,0.05325,-0.06573,-0.04086,0.0275,-0.06647,-0.0488,-0.003487,-0.05725,-0.04886,-0.03394,-0.03494,-0.04883,-0.05664,-0.004642,-0.04883,-0.06635,0.02672,-0.04883,-0.06088,0.0519,-0.04883,-0.04144,0.06525,-0.04886,-0.01254,0.0636,-0.04886,0.01924,0.04733,-0.04886,0.04663,0.02023,-0.04886,0.0633,-0.011536,-0.04883,0.0655,-0.04065,-0.04886,0.05267,-0.06046,-0.04886,0.02779,-0.0616,-0.05533,-0.003233,-0.05176,-0.0554,-0.03357,-0.02806,-0.0554,-0.0549,0.003134,-0.0554,-0.06155,0.03348,-0.0554,-0.0517,0.0548,-0.0554,-0.028,0.06146,-0.0554,0.003193,0.0516,-0.0554,0.03354,0.02791,-0.0554,0.05487,-0.003288,-0.0554,0.06152,-0.03363,-0.05536,0.05164,-0.05496,-0.0554,0.02797,-0.05658,-0.06088,-0.002972,-0.046,-0.06094,-0.03305,-0.02086,-0.06094,-0.0526,0.01089,-0.06094,-0.0555,0.03912,-0.06094,-0.04077,0.05496,-0.06094,-0.0131,0.0533,-0.06094,0.01872,0.0347,-0.06094,0.04462,0.00505,-0.06094,0.0563,-0.02623,-0.06094,0.05014,-0.0492,-0.0609,0.02803,-0.0514,-0.0657,-0.002695,-0.03998,-0.06573,-0.03232,-0.01338,-0.06573,-0.04962,0.01833,-0.06573,-0.04797,0.043,-0.06573,-0.028,0.0512,-0.06573,0.00266,0.03986,-0.06573,0.0323,0.01323,-0.06573,0.0496,-0.01846,-0.06573,0.04794,-0.04315,-0.06573,0.02797,-0.04605,-0.06976,-0.002417,-0.03583,-0.0698,-0.02896,-0.012,-0.0698,-0.04446,0.01642,-0.0698,-0.04297,0.0385,-0.0698,-0.02509,0.0459,-0.0698,0.00238,0.0357,-0.0698,0.02893,0.01185,-0.0698,0.04443,-0.01656,-0.0698,0.04294,-0.03867,-0.0698,0.02505,-0.04065,-0.0733,-0.002134,-0.02972,-0.07336,-0.02766,-0.005024,-0.07336,-0.04025,0.022,-0.07336,-0.03403,0.0387,-0.07336,-0.01188,0.03726,-0.07336,0.01582,0.01834,-0.07336,0.0361,-0.009186,-0.07336,0.0395,-0.03244,-0.07336,0.02438,-0.0351,-0.0763,-0.001844,-0.02347,-0.07635,-0.02599,0.001746,-0.07635,-0.0349,0.02591,-0.07635,-0.02342,0.03485,-0.07635,0.001804,0.02333,-0.07635,0.02596,-0.001894,-0.07635,0.03488,-0.02605,-0.07635,0.02338,-0.02945,-0.07886,-0.001548,-0.0171,-0.0788,-0.02383,0.00793,-0.0788,-0.02818,0.02693,-0.0788,-0.01133,0.02562,-0.0788,0.014046,0.004948,-0.0788,0.02884,-0.0195,-0.0788,0.0219,-0.0237,-0.0809,-0.001252,-0.01092,-0.08075,-0.02129,0.01293,-0.08075,-0.02003,0.02377,-0.08075,0.001224,0.01077,-0.08075,0.02126,-0.01307,-0.08075,0.02,-0.0179,-0.0824,-0.0009465,-0.00822,-0.0824,-0.016,0.00969,-0.0824,-0.01507,0.01785,-0.0824,0.0009236,0.00808,-0.0824,0.01596,-0.00984,-0.0824,0.01503,-0.01204,-0.08356,-0.000645,-0.005527,-0.0835,-0.01073,0.00648,-0.0835,-0.01009,0.01193,-0.0835,0.0006084,0.00539,-0.0835,0.01069,-0.00662,-0.0835,0.01006,-0.006172,-0.0842,-0.0003288,-0.002834,-0.0842,-0.00546,0.003256,-0.0842,-0.005135,0.006023,-0.0842,0.0002978,0.002712,-0.0842,0.005417,-0.003376,-0.0842,0.005116,-0.0001097,-0.08435,-1.943e-05
-0.04242,-0.004436,-0.06824,-0.01106,-0.00479,-0.0794,0.02213,-0.00479,-0.0771,0.05148,-0.00479,-0.0614,0.07196,-0.00479,-0.03516,0.07996,-0.00479,-0.00287,0.07416,-0.00479,0.02989,0.05548,-0.004787,0.05746,0.02725,-0.004787,0.0751,-0.005714,-0.00479,0.07965,-0.0377,-0.00479,0.07025,-0.0632,-0.00479,0.049,-0.0777,-0.00479,0.01909,-0.0788,-0.00479,-0.014175,-0.06635,-0.00479,-0.045,-0.04016,-0.03033,-0.06476,-0.01054,-0.03035,-0.0755,0.02089,-0.03035,-0.07324,0.04868,-0.03035,-0.0584,0.06805,-0.03035,-0.03357,0.0756,-0.03035,-0.002983,0.07007,-0.03035,0.02803,0.05243,-0.03035,0.05414,0.02568,-0.03035,0.0708,-0.005516,-0.03035,0.07513,-0.0358,-0.03036,0.0664,-0.05988,-0.03035,0.04608,-0.07367,-0.03035,0.01775,-0.0747,-0.03035,-0.01373,-0.06287,-0.03035,-0.0429,-0.03778,-0.04095,-0.06094,-0.0078,-0.04095,-0.0713,0.0237,-0.04095,-0.0676,0.05048,-0.04095,-0.05063,0.06726,-0.04095,-0.02371,0.0707,-0.04095,0.00781,0.06006,-0.04095,0.0377,0.03757,-0.04095,0.06003,0.00758,-0.04095,0.0704,-0.02393,-0.04095,0.0667,-0.05072,-0.041,0.04977,-0.06744,-0.04095,0.0228,-0.07086,-0.04095,-0.00873,-0.0603,-0.04095,-0.0386,-0.03528,-0.04895,-0.05695,-0.005005,-0.04895,-0.06683,0.0264,-0.04895,-0.0615,0.05173,-0.04895,-0.04218,0.0652,-0.04895,-0.01331,0.06366,-0.04895,0.01851,0.04758,-0.04895,0.046,0.02052,-0.04895,0.0628,-0.011246,-0.04895,0.0652,-0.04047,-0.04895,0.05246,-0.06046,-0.04898,0.0277,-0.0666,-0.04895,-0.003597,-0.05753,-0.04895,-0.03412,-0.0327,-0.0555,-0.0528,-0.002167,-0.0555,-0.0621,0.02893,-0.0555,-0.05487,0.05225,-0.0555,-0.03305,0.06152,-0.0555,-0.002514,0.0543,-0.0555,0.02858,0.03247,-0.0555,0.05188,0.001944,-0.0555,0.0612,-0.02914,-0.0555,0.05396,-0.05246,-0.0555,0.03214,-0.06177,-0.05554,0.001631,-0.0545,-0.0555,-0.0295,-0.03003,-0.06107,-0.04852,0.0006967,-0.06107,-0.05707,0.03117,-0.06107,-0.04764,0.05173,-0.06107,-0.02324,0.05582,-0.06107,0.0084,0.04214,-0.06107,0.03723,0.01506,-0.06107,0.05408,-0.01683,-0.06107,0.05362,-0.04343,-0.06107,0.036,-0.05624,-0.06107,0.006798,-0.05127,-0.0611,-0.02469,-0.02728,-0.06586,-0.0441,0.003555,-0.0658,-0.05173,0.033,-0.0658,-0.0398,0.04977,-0.0658,-0.01282,0.04752,-0.0658,0.01888,0.02705,-0.0658,0.04318,-0.003778,-0.0658,0.0508,-0.0332,-0.0658,0.03888,-0.05002,-0.0658,0.011894,-0.04773,-0.0658,-0.01979,-0.02444,-0.06995,-0.03955,0.003174,-0.06995,-0.0464,0.02954,-0.06995,-0.03568,0.0446,-0.06995,-0.01153,0.04257,-0.06995,0.01686,0.02423,-0.06995,0.03864,-0.003397,-0.06995,0.04547,-0.02977,-0.06995,0.03476,-0.0448,-0.06995,0.01061,-0.0428,-0.06995,-0.01778,-0.02158,-0.0735,-0.03494,0.0056,-0.0734,-0.04062,0.03009,-0.0734,-0.02756,0.04044,-0.0734,-0.00181,0.03183,-0.0734,0.02457,0.00826,-0.0734,0.03925,-0.01921,-0.0734,0.03534,-0.03775,-0.0734,0.01468,-0.03867,-0.0734,-0.01306,-0.01865,-0.0765,-0.03023,0.007812,-0.0764,-0.03455,0.02959,-0.0764,-0.01895,0.03397,-0.0764,0.007465,0.01839,-0.0764,0.02925,-0.00803,-0.0764,0.03363,-0.02982,-0.0764,0.01804,-0.03418,-0.0764,-0.008385,-0.01564,-0.079,-0.0254,0.00968,-0.0789,-0.02808,0.02759,-0.0789,-0.010025,0.02464,-0.0789,0.015236,0.003052,-0.0789,0.02867,-0.02092,-0.0789,0.02017,-0.02922,-0.0789,-0.003859,-0.0126,-0.08105,-0.02052,0.01114,-0.0809,-0.02153,0.02377,-0.0809,-0.001252,0.01252,-0.0809,0.01982,-0.01136,-0.0809,0.02061,-0.02399,-0.0809,0.0003355,-0.00952,-0.0826,-0.01557,0.00834,-0.08246,-0.0163,0.01784,-0.08246,-0.001058,0.009384,-0.08246,0.014786,-0.00857,-0.08246,0.01538,-0.01805,-0.08246,0.0001401,-0.00642,-0.08374,-0.01059,0.00555,-0.0836,-0.01107,0.01192,-0.0836,-0.000859,0.00625,-0.0836,0.00976,-0.005775,-0.0836,0.010155,-0.01213,-0.0836,-5.77e-05,-0.003311,-0.0844,-0.0056,0.00278,-0.08435,-0.005836,0.006,-0.08435,-0.000653,0.00312,-0.08435,0.00474,-0.002989,-0.08435,0.004936,-0.00621,-0.08435,-0.0002406,-0.0001063,-0.08453,-0.0004566
-0.05438,-0.005356,-0.05875,-0.0258,-0.005222,-0.07587,0.00724,-0.005215,-0.07983,0.039,-0.00517,-0.07,0.0641,-0.00521,-0.04813,0.0781,-0.00521,-0.01796,0.0786,-0.005215,0.0153,0.06555,-0.005215,0.0459,0.04114,-0.00521,0.06854,0.00966,-0.00521,0.0793,-0.02348,-0.00521,0.0763,-0.05255,-0.00521,0.06012,-0.0725,-0.00521,0.0335,-0.0799,-0.00521,0.001063,-0.0735,-0.00521,-0.0316,-0.05167,-0.03125,-0.05563,-0.02492,-0.0313,-0.0717,0.00628,-0.03108,-0.0757,0.03613,-0.03094,-0.06665,0.0601,-0.03108,-0.0462,0.0738,-0.03134,-0.01767,0.07446,-0.0314,0.013824,0.06226,-0.0314,0.04285,0.03928,-0.0314,0.0644,0.009514,-0.0314,0.0747,-0.02182,-0.0314,0.0721,-0.04944,-0.0314,0.05682,-0.0684,-0.0314,0.0317,-0.07556,-0.0314,0.001052,-0.06964,-0.0314,-0.02988,-0.04858,-0.04187,-0.0524,-0.0215,-0.0419,-0.0681,0.00984,-0.04163,-0.0706,0.03928,-0.0417,-0.05942,0.0612,-0.04147,-0.03622,0.0711,-0.04202,-0.006104,0.0665,-0.04202,0.02525,0.04883,-0.04202,0.05154,0.02144,-0.04202,0.0675,-0.01017,-0.04202,0.07,-0.0397,-0.04202,0.05862,-0.0614,-0.04202,0.03546,-0.07086,-0.04202,0.00522,-0.0663,-0.04202,-0.02615,-0.0454,-0.0499,-0.04895,-0.01797,-0.0499,-0.0642,0.01344,-0.04968,-0.0651,0.04196,-0.04977,-0.0515,0.0613,-0.0498,-0.02567,0.06635,-0.05,0.00574,0.0559,-0.05002,0.03583,0.03265,-0.05002,0.0576,0.001968,-0.05002,0.06604,-0.02916,-0.05002,0.0593,-0.05353,-0.05,0.03888,-0.0657,-0.05002,0.00939,-0.0627,-0.05002,-0.0223,-0.0421,-0.05646,-0.04538,-0.01424,-0.05643,-0.06015,0.0172,-0.05627,-0.0591,0.04428,-0.05627,-0.04263,0.06,-0.05634,-0.014435,0.0591,-0.05655,0.01746,0.04227,-0.05655,0.04456,0.01412,-0.05655,0.0596,-0.01776,-0.05655,0.05853,-0.04486,-0.05655,0.0417,-0.0599,-0.05652,0.01354,-0.05887,-0.05655,-0.01836,-0.03867,-0.062,-0.0417,-0.01044,-0.0621,-0.05582,0.02095,-0.06195,-0.05246,0.04587,-0.06213,-0.0327,0.0566,-0.06195,-0.002625,0.0489,-0.0621,0.02829,0.0256,-0.0621,0.05008,-0.005756,-0.0621,0.05585,-0.03525,-0.0621,0.04373,-0.05353,-0.0621,0.01758,-0.05475,-0.06204,-0.014305,-0.0351,-0.0668,-0.0379,-0.00673,-0.0668,-0.05124,0.02463,-0.0667,-0.0452,0.04633,-0.06683,-0.02223,0.05057,-0.0669,0.00924,0.03525,-0.0669,0.03705,0.0065,-0.0669,0.05054,-0.02469,-0.0669,0.04456,-0.0464,-0.0669,0.02138,-0.05032,-0.0669,-0.01013,-0.03143,-0.0709,-0.034,-0.005898,-0.071,-0.046,0.02222,-0.0708,-0.0406,0.0416,-0.07104,-0.02005,0.04532,-0.071,0.00823,0.0316,-0.071,0.03314,0.005836,-0.071,0.04523,-0.02211,-0.071,0.03986,-0.04156,-0.071,0.0191,-0.04507,-0.071,-0.009125,-0.02774,-0.07446,-0.03004,-0.002308,-0.07446,-0.0408,0.02437,-0.0744,-0.0328,0.0396,-0.07446,-0.00965,0.03632,-0.0745,0.0179,0.01605,-0.0745,0.03687,-0.01165,-0.0745,0.03836,-0.03384,-0.0745,0.02173,-0.04013,-0.0745,-0.005295,-0.02393,-0.0775,-0.026,0.001062,-0.07745,-0.0353,0.02563,-0.0774,-0.0243,0.03506,-0.0775,0.000702,0.02403,-0.0775,0.02509,-0.0010195,-0.0775,0.03452,-0.0254,-0.0775,0.02347,-0.03482,-0.0775,-0.001582,-0.01993,-0.07996,-0.02188,0.00417,-0.08,-0.02936,0.02542,-0.0799,-0.01518,0.02744,-0.07996,0.01013,0.00889,-0.07996,0.02751,-0.01627,-0.07996,0.02383,-0.02908,-0.07996,0.001887,-0.01605,-0.08203,-0.01768,0.006966,-0.08185,-0.02325,0.02344,-0.0818,-0.00584,0.01645,-0.0819,0.017,-0.00681,-0.0819,0.02242,-0.02313,-0.0819,0.004986,-0.01206,-0.0836,-0.01344,0.00523,-0.08356,-0.01762,0.01753,-0.08356,-0.00452,0.0124,-0.08356,0.01266,-0.00509,-0.08356,0.01674,-0.01735,-0.08356,0.00364,-0.00804,-0.0847,-0.00916,0.003601,-0.08466,-0.01192,0.011795,-0.0847,-0.003168,0.00834,-0.08466,0.00834,-0.003374,-0.08466,0.01107,-0.01159,-0.08466,0.002287,-0.004032,-0.0854,-0.004845,0.001883,-0.08545,-0.006268,0.006042,-0.08545,-0.001817,0.004295,-0.08545,0.004025,-0.001642,-0.08545,0.005413,-0.00583,-0.08545,0.0009756,0.0001329,-0.0855,-0.000407
