marker_0_x,marker_0_y,marker_0_z,marker_1_x,marker_1_y,marker_1_z,marker_2_x,marker_2_y,marker_2_z,marker_3_x,marker_3_y,marker_3_z,marker_4_x,marker_4_y,marker_4_z,marker_5_x,marker_5_y,marker_5_z,marker_6_x,marker_6_y,marker_6_z,marker_7_x,marker_7_y,marker_7_z,marker_8_x,marker_8_y,marker_8_z,marker_9_x,marker_9_y,marker_9_z,marker_10_x,marker_10_y,marker_10_z,marker_11_x,marker_11_y,marker_11_z,marker_12_x,marker_12_y,marker_12_z,marker_13_x,marker_13_y,marker_13_z,marker_14_x,marker_14_y,marker_14_z,marker_15_x,marker_15_y,marker_15_z,marker_16_x,marker_16_y,marker_16_z,marker_17_x,marker_17_y,marker_17_z,marker_18_x,marker_18_y,marker_18_z,marker_19_x,marker_19_y,marker_19_z,marker_20_x,marker_20_y,marker_20_z,marker_21_x,marker_21_y,marker_21_z,marker_22_x,marker_22_y,marker_22_z,marker_23_x,marker_23_y,marker_23_z,marker_24_x,marker_24_y,marker_24_z,marker_25_x,marker_25_y,marker_25_z,marker_26_x,marker_26_y,marker_26_z,marker_27_x,marker_27_y,marker_27_z,marker_28_x,marker_28_y,marker_28_z,marker_29_x,marker_29_y,marker_29_z,marker_30_x,marker_30_y,marker_30_z,marker_31_x,marker_31_y,marker_31_z,marker_32_x,marker_32_y,marker_32_z,marker_33_x,marker_33_y,marker_33_z,marker_34_x,marker_34_y,marker_34_z,marker_35_x,marker_35_y,marker_35_z,marker_36_x,marker_36_y,marker_36_z,marker_37_x,marker_37_y,marker_37_z,marker_38_x,marker_38_y,marker_38_z,marker_39_x,marker_39_y,marker_39_z,marker_40_x,marker_40_y,marker_40_z,marker_41_x,marker_41_y,marker_41_z,marker_42_x,marker_42_y,marker_42_z,marker_43_x,marker_43_y,marker_43_z,marker_44_x,marker_44_y,marker_44_z,marker_45_x,marker_45_y,marker_45_z,marker_46_x,marker_46_y,marker_46_z,marker_47_x,marker_47_y,marker_47_z,marker_48_x,marker_48_y,marker_48_z,marker_49_x,marker_49_y,marker_49_z,marker_50_x,marker_50_y,marker_50_z,marker_51_x,marker_51_y,marker_51_z,marker_52_x,marker_52_y,marker_52_z,marker_53_x,marker_53_y,marker_53_z,marker_54_x,marker_54_y,marker_54_z,marker_55_x,marker_55_y,marker_55_z,marker_56_x,marker_56_y,marker_56_z,marker_57_x,marker_57_y,marker_57_z,marker_58_x,marker_58_y,marker_58_z,marker_59_x,marker_59_y,marker_59_z,marker_60_x,marker_60_y,marker_60_z,marker_61_x,marker_61_y,marker_61_z,marker_62_x,marker_62_y,marker_62_z,marker_63_x,marker_63_y,marker_63_z,marker_64_x,marker_64_y,marker_64_z,marker_65_x,marker_65_y,marker_65_z,marker_66_x,marker_66_y,marker_66_z,marker_67_x,marker_67_y,marker_67_z,marker_68_x,marker_68_y,marker_68_z,marker_69_x,marker_69_y,marker_69_z,marker_70_x,marker_70_y,marker_70_z,marker_71_x,marker_71_y,marker_71_z,marker_72_x,marker_72_y,marker_72_z,marker_73_x,marker_73_y,marker_73_z,marker_74_x,marker_74_y,marker_74_z,marker_75_x,marker_75_y,marker_75_z,marker_76_x,marker_76_y,marker_76_z,marker_77_x,marker_77_y,marker_77_z,marker_78_x,marker_78_y,marker_78_z,marker_79_x,marker_79_y,marker_79_z,marker_80_x,marker_80_y,marker_80_z,marker_81_x,marker_81_y,marker_81_z,marker_82_x,marker_82_y,marker_82_z,marker_83_x,marker_83_y,marker_83_z,marker_84_x,marker_84_y,marker_84_z,marker_85_x,marker_85_y,marker_85_z,marker_86_x,marker_86_y,marker_86_z,marker_87_x,marker_87_y,marker_87_z,marker_88_x,marker_88_y,marker_88_z,marker_89_x,marker_89_y,marker_89_z,marker_90_x,marker_90_y,marker_90_z,marker_91_x,marker_91_y,marker_91_z,marker_92_x,marker_92_y,marker_92_z,marker_93_x,marker_93_y,marker_93_z,marker_94_x,marker_94_y,marker_94_z,marker_95_x,marker_95_y,marker_95_z,marker_96_x,marker_96_y,marker_96_z,marker_97_x,marker_97_y,marker_97_z,marker_98_x,marker_98_y,marker_98_z,marker_99_x,marker_99_y,marker_99_z,marker_100_x,marker_100_y,marker_100_z,marker_101_x,marker_101_y,marker_101_z,marker_102_x,marker_102_y,marker_102_z,marker_103_x,marker_103_y,marker_103_z,marker_104_x,marker_104_y,marker_104_z,marker_105_x,marker_105_y,marker_105_z,marker_106_x,marker_106_y,marker_106_z,marker_107_x,marker_107_y,marker_107_z,marker_108_x,marker_108_y,marker_108_z,marker_109_x,marker_109_y,marker_109_z,marker_110_x,marker_110_y,marker_110_z,marker_111_x,marker_111_y,marker_111_z,marker_112_x,marker_112_y,marker_112_z,marker_113_x,marker_113_y,marker_113_z,marker_114_x,marker_114_y,marker_114_z,marker_115_x,marker_115_y,marker_115_z,marker_116_x,marker_116_y,marker_116_z,marker_117_x,marker_117_y,marker_117_z,marker_118_x,marker_118_y,marker_118_z,marker_119_x,marker_119_y,marker_119_z,marker_120_x,marker_120_y,marker_120_z,marker_121_x,marker_121_y,marker_121_z,marker_122_x,marker_122_y,marker_122_z,marker_123_x,marker_123_y,marker_123_z,marker_124_x,marker_124_y,marker_124_z,marker_125_x,marker_125_y,marker_125_z,marker_126_x,marker_126_y,marker_126_z,marker_127_x,marker_127_y,marker_127_z,marker_128_x,marker_128_y,marker_128_z,marker_129_x,marker_129_y,marker_129_z,marker_130_x,marker_130_y,marker_130_z,marker_131_x,marker_131_y,marker_131_z,marker_132_x,marker_132_y,marker_132_z,marker_133_x,marker_133_y,marker_133_z,marker_134_x,marker_134_y,marker_134_z,marker_135_x,marker_135_y,marker_135_z,marker_136_x,marker_136_y,marker_136_z,marker_137_x,marker_137_y,marker_137_z,marker_138_x,marker_138_y,marker_138_z,marker_139_x,marker_139_y,marker_139_z,marker_140_x,marker_140_y,marker_140_z,marker_141_x,marker_141_y,marker_141_z,marker_142_x,marker_142_y,marker_142_z,marker_143_x,marker_143_y,marker_143_z,marker_144_x,marker_144_y,marker_144_z,marker_145_x,marker_145_y,marker_145_z,marker_146_x,marker_146_y,marker_146_z,marker_147_x,marker_147_y,marker_147_z,marker_148_x,marker_148_y,marker_148_z
-0.01424,-0.004417,-0.0791,0.01909,-0.004787,-0.0779,0.04904,-0.004787,-0.0634,0.07056,-0.004787,-0.03802,0.07983,-0.004787,-0.006065,0.0753,-0.004787,0.0269,0.05783,-0.004784,0.0552,0.0303,-0.004784,0.0739,-0.002441,-0.004787,0.07983,-0.03476,-0.004787,0.0719,-0.061,-0.004787,0.0514,-0.0768,-0.004787,0.0222,-0.0792,-0.004787,-0.01099,-0.068,-0.004784,-0.0423,-0.04498,-0.00478,-0.06635,-0.01348,-0.0303,-0.075,0.018,-0.03032,-0.07404,0.0464,-0.03032,-0.0604,0.0668,-0.03032,-0.03635,0.07556,-0.03032,-0.0061,0.07135,-0.03032,0.02512,0.05478,-0.03032,0.0519,0.02873,-0.03032,0.06964,-0.002274,-0.03032,0.07526,-0.03287,-0.03032,0.0678,-0.0578,-0.03033,0.04852,-0.0727,-0.03032,0.02075,-0.0751,-0.03032,-0.01066,-0.0644,-0.03032,-0.04028,-0.04263,-0.03032,-0.0631,-0.01268,-0.04092,-0.07056,0.019,-0.04092,-0.06915,0.04694,-0.04092,-0.0541,0.06555,-0.04092,-0.02844,0.0712,-0.04092,0.002758,0.06274,-0.04092,0.03333,0.04187,-0.04092,0.0572,0.01272,-0.04092,0.06964,-0.01897,-0.04092,0.06824,-0.04688,-0.04092,0.0532,-0.06555,-0.04095,0.02754,-0.07117,-0.04092,-0.003685,-0.06274,-0.04092,-0.03424,-0.04184,-0.04092,-0.05814,-0.01184,-0.04892,-0.066,0.01996,-0.04892,-0.06396,0.04718,-0.04892,-0.04742,0.0636,-0.04892,-0.02013,0.0655,-0.04892,0.01167,0.05234,-0.04892,0.04068,0.0272,-0.04892,0.06027,-0.004135,-0.04892,0.066,-0.03452,-0.04892,0.05643,-0.057,-0.04892,0.03384,-0.0664,-0.04895,0.003435,-0.0606,-0.04892,-0.02791,-0.04092,-0.04892,-0.05295,-0.01097,-0.05548,-0.06116,0.02084,-0.05548,-0.0585,0.0471,-0.05548,-0.0403,0.0607,-0.05548,-0.01145,0.05807,-0.05548,0.02036,0.0399,-0.05548,0.0466,0.01101,-0.05548,0.0602,-0.0208,-0.05548,0.0576,-0.04703,-0.05548,0.0394,-0.06067,-0.05548,0.01053,-0.05804,-0.05548,-0.02127,-0.03983,-0.05548,-0.04752,-0.01007,-0.06104,-0.05615,0.02165,-0.06104,-0.0528,0.0465,-0.06104,-0.03278,0.0566,-0.06104,-0.002522,0.04874,-0.06104,0.0284,0.02539,-0.06104,0.05014,-0.005993,-0.06104,0.05582,-0.03546,-0.06104,0.04364,-0.05368,-0.06104,0.01746,-0.05484,-0.06104,-0.01443,-0.0386,-0.06104,-0.04187,-0.00914,-0.0658,-0.05103,0.02234,-0.0658,-0.04678,0.0453,-0.0658,-0.02481,0.05096,-0.0658,0.006454,0.03717,-0.0658,0.03506,0.009186,-0.0658,0.0501,-0.02231,-0.0658,0.04584,-0.04526,-0.0658,0.02388,-0.0509,-0.0658,-0.00738,-0.0371,-0.0658,-0.036,-0.00819,-0.06995,-0.04578,0.02002,-0.0699,-0.04196,0.0406,-0.0699,-0.02228,0.04565,-0.0699,0.005733,0.0333,-0.0699,0.03137,0.00823,-0.0699,0.04486,-0.01997,-0.0699,0.04102,-0.04056,-0.0699,0.02135,-0.04562,-0.0699,-0.00666,-0.03326,-0.0699,-0.0323,-0.007217,-0.0735,-0.04044,0.02014,-0.0734,-0.0357,0.0381,-0.0734,-0.01452,0.0382,-0.0734,0.01324,0.02048,-0.0734,0.03458,-0.00684,-0.0734,0.03952,-0.03094,-0.0734,0.02576,-0.04056,-0.0734,-0.000275,-0.03119,-0.0734,-0.0264,-0.00623,-0.0765,-0.03497,0.01996,-0.0764,-0.02922,0.03445,-0.0764,-0.0067,0.02878,-0.0764,0.01947,0.006256,-0.0764,0.03397,-0.01991,-0.0764,0.02829,-0.03442,-0.0764,0.00577,-0.02873,-0.0764,-0.0204,-0.00522,-0.079,-0.02937,0.0193,-0.0789,-0.02252,0.0293,-0.0789,0.0008616,0.01724,-0.0789,0.02325,-0.007786,-0.0789,0.02779,-0.02693,-0.0789,0.01105,-0.02579,-0.0789,-0.01436,-0.00419,-0.081,-0.02371,0.01825,-0.0808,-0.0159,0.0225,-0.0808,0.007603,0.00428,-0.0808,0.02304,-0.0182,-0.0808,0.01498,-0.02246,-0.0808,-0.00853,-0.003153,-0.0826,-0.01797,0.01372,-0.08246,-0.01207,0.01692,-0.08246,0.0056,0.00322,-0.08246,0.01721,-0.01368,-0.08246,0.01114,-0.01688,-0.08246,-0.006527,-0.002106,-0.0837,-0.0122,0.00919,-0.0836,-0.00824,0.011345,-0.0836,0.003601,0.002165,-0.0836,0.011375,-0.00916,-0.0836,0.007313,-0.0113,-0.0836,-0.004524,-0.001061,-0.0844,-0.006416,0.004692,-0.08435,-0.0044,0.00577,-0.08435,0.001609,0.001108,-0.08435,0.005558,-0.004642,-0.08435,0.003492,-0.005733,-0.08435,-0.002506,2.635e-05,-0.08453,-0.0004523
0.0262,-0.00449,-0.0759,0.05466,-0.004852,-0.05872,0.0737,-0.00488,-0.03156,0.0799,-0.005062,0.001134,0.0728,-0.004852,0.03357,0.0529,-0.004852,0.0602,0.02382,-0.004852,0.0764,-0.00932,-0.004852,0.0794,-0.0408,-0.004852,0.06866,-0.0652,-0.004852,0.046,-0.0781,-0.004852,0.01529,-0.0778,-0.004852,-0.01787,-0.0638,-0.004852,-0.04807,-0.03876,-0.004852,-0.06995,-0.006947,-0.004852,-0.0798,0.02507,-0.03038,-0.07196,0.0521,-0.0304,-0.05576,0.0702,-0.0304,-0.02997,0.0763,-0.0304,0.0009527,0.0692,-0.0304,0.03165,0.0503,-0.0304,0.05685,0.02275,-0.0304,0.07214,-0.00862,-0.0304,0.07495,-0.03842,-0.0304,0.06476,-0.0615,-0.0304,0.04327,-0.0739,-0.03041,0.01435,-0.07336,-0.0304,-0.01721,-0.06006,-0.0304,-0.04578,-0.03632,-0.0304,-0.06647,-0.0062,-0.0304,-0.07574,0.02362,-0.041,-0.0677,0.05057,-0.04102,-0.05096,0.0676,-0.04102,-0.02423,0.07135,-0.04102,0.007263,0.0611,-0.04102,0.03726,0.0388,-0.04102,0.05984,0.008934,-0.04102,0.0705,-0.0226,-0.04102,0.06714,-0.04956,-0.04102,0.05045,-0.0666,-0.04102,0.0237,-0.07043,-0.04105,-0.00774,-0.06006,-0.04102,-0.03778,-0.03778,-0.04102,-0.06036,-0.00792,-0.04102,-0.07104,0.0221,-0.049,-0.06323,0.0489,-0.049,-0.046,0.0646,-0.049,-0.01826,0.0656,-0.049,0.01357,0.05173,-0.049,0.04224,0.02611,-0.049,0.0612,-0.005383,-0.049,0.06604,-0.03552,-0.049,0.0557,-0.0574,-0.049,0.03256,-0.06604,-0.049,0.001883,-0.05948,-0.04904,-0.02924,-0.03906,-0.049,-0.0538,-0.00964,-0.049,-0.06604,0.02051,-0.05554,-0.0586,0.047,-0.05554,-0.0408,0.06104,-0.05554,-0.012115,0.05884,-0.05554,0.01973,0.04102,-0.05554,0.04623,0.01236,-0.05554,0.06024,-0.01949,-0.05554,0.05807,-0.046,-0.05554,0.04025,-0.06003,-0.05554,0.01158,-0.05783,-0.05554,-0.02026,-0.0401,-0.05563,-0.04672,-0.011345,-0.05554,-0.0608,0.01886,-0.0611,-0.05383,0.04492,-0.0611,-0.0354,0.05685,-0.0611,-0.005814,0.0509,-0.0611,0.02553,0.02896,-0.0611,0.04868,-0.002022,-0.0611,0.0563,-0.0322,-0.0611,0.04596,-0.052,-0.0611,0.02094,-0.0551,-0.0611,-0.01082,-0.0406,-0.0611,-0.0392,-0.01305,-0.06116,-0.05524,0.01718,-0.06586,-0.0489,0.04257,-0.06586,-0.02982,0.0519,-0.06586,0.0005608,0.0416,-0.06586,0.03061,0.0156,-0.06586,0.0489,-0.01616,-0.06586,0.04837,-0.04156,-0.06586,0.02928,-0.0509,-0.06586,-0.001093,-0.0406,-0.06586,-0.03114,-0.01459,-0.06586,-0.0494,0.01544,-0.07,-0.04382,0.0382,-0.06995,-0.02673,0.04657,-0.06995,0.000475,0.03732,-0.06995,0.0274,0.01403,-0.06995,0.04376,-0.01443,-0.06995,0.0433,-0.03717,-0.06995,0.0262,-0.04553,-0.06995,-0.001007,-0.03632,-0.06995,-0.02794,-0.01302,-0.06995,-0.04428,0.01368,-0.07355,-0.0387,0.03525,-0.0735,-0.02121,0.0406,-0.0735,0.006027,0.02718,-0.0735,0.03032,0.001269,-0.0735,0.0403,-0.025,-0.0735,0.0313,-0.0393,-0.0735,0.00753,-0.035,-0.0735,-0.0199,-0.014084,-0.0735,-0.03812,0.01187,-0.07654,-0.03345,0.03192,-0.0765,-0.01566,0.0336,-0.0765,0.01108,0.01588,-0.0765,0.03116,-0.01084,-0.0765,0.03284,-0.03093,-0.0765,0.015114,-0.0326,-0.0765,-0.01161,-0.01488,-0.0765,-0.0317,0.01003,-0.07904,-0.02808,0.0281,-0.079,-0.010124,0.02542,-0.079,0.01517,0.00397,-0.079,0.02884,-0.02008,-0.079,0.02058,-0.02864,-0.079,-0.003363,-0.01524,-0.079,-0.02498,0.00817,-0.08105,-0.02263,0.02396,-0.0809,-0.004864,0.0162,-0.0809,0.01775,-0.007236,-0.0809,0.02234,-0.02293,-0.0809,0.00433,-0.0152,-0.0809,-0.01826,0.00628,-0.08264,-0.01712,0.01813,-0.0825,-0.003717,0.01231,-0.0825,0.01327,-0.005314,-0.0825,0.01672,-0.01712,-0.0825,0.003187,-0.01129,-0.0825,-0.0138,0.004375,-0.08374,-0.01156,0.01231,-0.0837,-0.00258,0.008415,-0.0837,0.0088,-0.003393,-0.0837,0.011116,-0.0113,-0.0837,0.002048,-0.007397,-0.0837,-0.00933,0.002468,-0.0845,-0.006,0.006504,-0.0844,-0.001421,0.004513,-0.0844,0.00435,-0.001473,-0.0844,0.005516,-0.00549,-0.0844,0.000923,-0.003527,-0.0844,-0.004856,0.0005045,-0.08453,-0.0002637
-0.0462,-0.004295,0.06573,-0.06854,-0.004776,0.0415,-0.0795,-0.004753,0.01001,-0.0768,-0.004753,-0.02321,-0.06064,-0.004753,-0.05228,-0.03412,-0.004753,-0.0724,-0.001721,-0.004753,-0.08,0.03096,-0.004753,-0.07385,0.0582,-0.004753,-0.05475,0.0755,-0.004753,-0.02637,0.07935,-0.004753,0.00691,0.07007,-0.004753,0.03857,0.0482,-0.004753,0.06366,0.01814,-0.004753,0.07794,-0.015144,-0.004753,0.07874,-0.04495,-0.03012,0.06122,-0.0659,-0.03038,0.0377,-0.0756,-0.03036,0.00781,-0.0723,-0.03035,-0.02347,-0.05655,-0.03035,-0.05072,-0.03107,-0.03033,-0.0692,-0.0002737,-0.03033,-0.0757,0.03056,-0.03032,-0.06903,0.056,-0.03036,-0.05054,0.0716,-0.03041,-0.02332,0.07544,-0.0305,0.007793,0.0652,-0.03036,0.03784,0.04407,-0.03036,0.06128,0.0153,-0.03036,0.07404,-0.01619,-0.03036,0.07404,-0.0423,-0.04074,0.0576,-0.0631,-0.041,0.03363,-0.0715,-0.041,0.003117,-0.0658,-0.04095,-0.02806,-0.04715,-0.04095,-0.05365,-0.0192,-0.04095,-0.06866,0.01246,-0.04095,-0.06995,0.0417,-0.04102,-0.05734,0.06235,-0.04102,-0.0337,0.0708,-0.041,-0.003193,0.0657,-0.0412,0.02791,0.04648,-0.041,0.0536,0.01851,-0.041,0.0686,-0.01315,-0.041,0.07,-0.03955,-0.04874,0.0538,-0.06,-0.04898,0.02937,-0.06683,-0.04898,-0.001692,-0.05844,-0.04895,-0.03235,-0.03674,-0.04895,-0.05566,-0.006695,-0.04895,-0.06616,0.02478,-0.04895,-0.0615,0.0505,-0.04895,-0.04285,0.0646,-0.04898,-0.01431,0.06384,-0.04898,0.01746,0.04892,-0.04935,0.04526,0.02173,-0.04898,0.0627,-0.01004,-0.04898,0.0658,-0.03668,-0.0553,0.04987,-0.05667,-0.0555,0.02496,-0.0616,-0.0555,-0.006508,-0.05017,-0.0555,-0.03625,-0.02531,-0.05548,-0.05634,0.006123,-0.0555,-0.06125,0.03592,-0.0555,-0.0498,0.05597,-0.0555,-0.02502,0.0609,-0.0555,0.006477,0.04953,-0.0555,0.0362,0.02515,-0.05603,0.05624,-0.006783,-0.0555,0.06122,-0.03366,-0.06085,0.0458,-0.0531,-0.06107,0.02043,-0.0558,-0.06107,-0.011314,-0.04092,-0.06104,-0.03943,-0.01306,-0.06104,-0.0551,0.01872,-0.0611,-0.05322,0.04446,-0.06107,-0.03452,0.056,-0.06107,-0.00481,0.04965,-0.06107,0.02643,0.02745,-0.06107,0.04926,-0.003473,-0.06143,0.05637,-0.03065,-0.0656,0.0416,-0.04922,-0.06586,0.0158,-0.0492,-0.06586,-0.01595,-0.0305,-0.0658,-0.04156,-0.0002599,-0.06586,-0.05136,0.02986,-0.06586,-0.04153,0.0485,-0.06586,-0.01584,0.04846,-0.06586,0.0159,0.02979,-0.06586,0.04156,-0.0004225,-0.06586,0.05133,-0.02751,-0.0697,0.03726,-0.04413,-0.06995,0.01415,-0.0441,-0.06995,-0.0143,-0.02736,-0.06995,-0.03726,-0.0002975,-0.06995,-0.04605,0.02672,-0.06995,-0.03723,0.04343,-0.06995,-0.0142,0.0434,-0.06995,0.014244,0.02664,-0.06995,0.03723,-0.0004168,-0.06995,0.046,-0.02432,-0.0733,0.0329,-0.0397,-0.0735,0.00975,-0.03677,-0.0735,-0.01784,-0.0168,-0.0735,-0.03708,0.010864,-0.0735,-0.039,0.03326,-0.0735,-0.02266,0.03995,-0.0735,0.004257,0.02777,-0.0735,0.02917,0.00242,-0.0735,0.04044,-0.02107,-0.0763,0.02841,-0.03488,-0.0765,0.00541,-0.02863,-0.0765,-0.0206,-0.005783,-0.0765,-0.03455,0.02022,-0.0765,-0.02829,0.03418,-0.0765,-0.00546,0.02791,-0.0765,0.02055,0.005066,-0.0765,0.03452,-0.01773,-0.0788,0.02383,-0.02962,-0.079,0.001258,-0.0196,-0.079,-0.0221,0.004906,-0.0789,-0.02882,0.02544,-0.079,-0.01388,0.02655,-0.079,0.01151,0.007393,-0.079,0.02821,-0.01435,-0.0808,0.0192,-0.02411,-0.0809,-0.002556,-0.01005,-0.0809,-0.02185,0.0137,-0.0809,-0.01933,0.02339,-0.0809,0.0025,0.009315,-0.0809,0.0218,-0.010925,-0.0824,0.0145,-0.0182,-0.0825,-0.00192,-0.007652,-0.0825,-0.01642,0.0102,-0.0825,-0.014534,0.01749,-0.0825,0.001864,0.00692,-0.0825,0.01637,-0.007477,-0.08356,0.009766,-0.01233,-0.0837,-0.00128,-0.005245,-0.0837,-0.01101,0.006702,-0.0837,-0.00975,0.01159,-0.0837,0.001225,0.004528,-0.0837,0.01096,-0.00407,-0.0842,0.005,-0.006416,-0.0843,-0.000737,-0.002785,-0.08435,-0.00562,0.00325,-0.08435,-0.00493,0.0057,-0.08435,0.0006323,0.002106,-0.08435,0.005547,-0.000483,-0.08435,0.0001438
0.05923,-0.00469,-0.05426,0.0754,-0.00547,-0.02626,0.0787,-0.00574,0.007416,0.0697,-0.004963,0.03934,0.0477,-0.004963,0.0643,0.01743,-0.004963,0.07806,-0.01585,-0.004963,0.07837,-0.04636,-0.004963,0.0651,-0.06885,-0.004963,0.04056,-0.0794,-0.004963,0.009,-0.07605,-0.004963,-0.02419,-0.05984,-0.004963,-0.0531,-0.0331,-0.004963,-0.0729,-0.000611,-0.004963,-0.0801,0.03198,-0.004963,-0.0735,0.05618,-0.03058,-0.05142,0.0721,-0.03076,-0.02432,0.07556,-0.03075,0.00711,0.06616,-0.03073,0.0371,0.0453,-0.03073,0.0607,0.01659,-0.03073,0.0737,-0.014915,-0.03073,0.074,-0.0438,-0.03073,0.0614,-0.06506,-0.03073,0.03815,-0.0751,-0.03073,0.008255,-0.072,-0.03073,-0.0231,-0.05646,-0.03073,-0.05054,-0.03113,-0.03073,-0.0693,-0.0003526,-0.03073,-0.07605,0.03052,-0.03073,-0.0697,0.05286,-0.0412,-0.0484,0.0685,-0.04135,-0.0208,0.0706,-0.04135,0.01087,0.05884,-0.04135,0.0403,0.03546,-0.04135,0.0617,0.005077,-0.04135,0.07086,-0.02626,-0.04135,0.0659,-0.05234,-0.04135,0.04785,-0.068,-0.04135,0.02026,-0.0701,-0.04135,-0.01138,-0.05835,-0.04135,-0.0408,-0.03494,-0.04135,-0.06226,-0.004578,-0.04135,-0.07135,0.02675,-0.04135,-0.0664,0.04938,-0.04922,-0.04523,0.06464,-0.04935,-0.01723,0.0651,-0.04935,0.01463,0.05078,-0.04935,0.0431,0.02484,-0.04935,0.06158,-0.006718,-0.04935,0.0659,-0.03668,-0.04935,0.0551,-0.0582,-0.04935,0.03162,-0.06635,-0.04935,0.0008035,-0.05917,-0.04935,-0.03026,-0.03842,-0.04932,-0.0544,-0.00882,-0.04935,-0.0662,0.02286,-0.04935,-0.06287,0.04578,-0.05576,-0.04193,0.0605,-0.05588,-0.013565,0.05905,-0.05588,0.01833,0.04187,-0.05588,0.04526,0.01355,-0.05588,0.05997,-0.01834,-0.05588,0.05856,-0.04526,-0.05588,0.04138,-0.06,-0.05588,0.01305,-0.05856,-0.05588,-0.01886,-0.04138,-0.05588,-0.04578,-0.01304,-0.05588,-0.0605,0.01886,-0.05588,-0.05908,0.04205,-0.06134,-0.0385,0.05606,-0.06143,-0.00983,0.05237,-0.06143,0.02187,0.03214,-0.06143,0.04654,0.001776,-0.06143,0.05634,-0.02907,-0.06143,0.0482,-0.0506,-0.06143,0.02464,-0.056,-0.06143,-0.006805,-0.04355,-0.06143,-0.03616,-0.01715,-0.06143,-0.05414,0.01476,-0.06137,-0.055,0.0382,-0.0661,-0.035,0.05133,-0.0662,-0.006042,0.04498,-0.0662,0.02509,0.02153,-0.0662,0.04654,-0.01004,-0.0662,0.0501,-0.0377,-0.0662,0.03445,-0.05084,-0.0662,0.00552,-0.0445,-0.0662,-0.02562,-0.02104,-0.0662,-0.04706,0.01054,-0.0662,-0.05063,0.03427,-0.0702,-0.03137,0.04602,-0.0703,-0.00544,0.0403,-0.0703,0.02245,0.01932,-0.0703,0.04166,-0.00897,-0.0703,0.04486,-0.03375,-0.0703,0.03084,-0.04553,-0.0703,0.004917,-0.03983,-0.0703,-0.02298,-0.01883,-0.0703,-0.0422,0.00947,-0.0703,-0.04538,0.03027,-0.0738,-0.02773,0.0408,-0.07385,-0.002,0.03244,-0.07385,0.02448,0.009,-0.07385,0.03937,-0.01852,-0.07385,0.03574,-0.03726,-0.07385,0.01524,-0.03845,-0.07385,-0.0125,-0.02153,-0.07385,-0.03452,0.005577,-0.07385,-0.0405,0.02617,-0.0768,-0.02397,0.03522,-0.07684,0.001292,0.02386,-0.07684,0.02556,-0.001306,-0.07684,0.0347,-0.02557,-0.07684,0.02336,-0.03473,-0.07684,-0.001815,-0.02338,-0.07684,-0.02608,0.001804,-0.07684,-0.03522,0.02199,-0.0793,-0.02016,0.0292,-0.07935,0.00431,0.014725,-0.07935,0.02522,-0.01065,-0.07935,0.02695,-0.02783,-0.07935,0.00819,-0.02385,-0.07935,-0.01694,-0.001736,-0.07935,-0.02951,0.01773,-0.0813,-0.01627,0.02304,-0.08124,0.00694,0.005405,-0.08124,0.02309,-0.0174,-0.08124,0.01588,-0.02255,-0.08124,-0.007465,-0.00491,-0.08124,-0.0236,0.01344,-0.0829,-0.01234,0.01736,-0.0829,0.00515,0.004124,-0.0829,0.01727,-0.01301,-0.0829,0.01187,-0.01688,-0.0829,-0.005672,-0.003626,-0.0829,-0.01779,0.00911,-0.084,-0.00837,0.01172,-0.084,0.003357,0.00285,-0.084,0.01149,-0.00863,-0.084,0.007866,-0.01123,-0.084,-0.003893,-0.002338,-0.084,-0.01202,0.004765,-0.0847,-0.00439,0.006073,-0.0847,0.00158,0.001578,-0.0847,0.0057,-0.004253,-0.0847,0.003876,-0.005585,-0.0847,-0.002098,-0.001076,-0.0847,-0.00623,0.0002737,-0.08484,-0.0003023
-0.0648,-0.004383,0.04718,-0.0783,-0.004726,0.01675,-0.0783,-0.00474,-0.01654,-0.0648,-0.00474,-0.04694,-0.04013,-0.00474,-0.0692,-0.00849,-0.00474,-0.0795,0.0246,-0.00474,-0.0761,0.05344,-0.00474,-0.0595,0.073,-0.00474,-0.03262,0.07996,-0.00474,-9.483e-05,0.07294,-0.00474,0.03247,0.05356,-0.00474,0.0594,0.02477,-0.00474,0.07605,-0.008316,-0.00474,0.0796,-0.03998,-0.00474,0.06934,-0.06137,-0.03023,0.04446,-0.0742,-0.03029,0.01569,-0.0742,-0.03029,-0.01575,-0.06143,-0.03029,-0.0445,-0.03806,-0.03029,-0.06555,-0.00812,-0.03027,-0.0753,0.02318,-0.03027,-0.072,0.05045,-0.03027,-0.0562,0.069,-0.03032,-0.03079,0.0755,-0.03032,-1.71e-05,0.06903,-0.0303,0.03075,0.05048,-0.03029,0.0562,0.02321,-0.03029,0.07196,-0.008095,-0.03029,0.07526,-0.03802,-0.03029,0.06555,-0.05777,-0.04086,0.04184,-0.0702,-0.0409,0.01266,-0.06885,-0.0409,-0.01894,-0.0538,-0.0409,-0.04684,-0.02818,-0.0409,-0.0655,0.003008,-0.0409,-0.0711,0.03348,-0.0409,-0.0627,0.0574,-0.0409,-0.0418,0.0699,-0.04092,-0.01274,0.0684,-0.0409,0.0189,0.0535,-0.04092,0.0468,0.0278,-0.0409,0.0654,-0.003374,-0.0409,0.0711,-0.03394,-0.0409,0.0627,-0.054,-0.04883,0.03906,-0.066,-0.0489,0.00955,-0.0629,-0.0489,-0.02206,-0.04547,-0.0489,-0.0487,-0.01767,-0.0489,-0.06415,0.01417,-0.0489,-0.06494,0.04266,-0.0489,-0.0508,0.0614,-0.0489,-0.0251,0.066,-0.0489,0.006382,0.05545,-0.0489,0.0364,0.0322,-0.04892,0.0581,0.001429,-0.0489,0.06647,-0.02965,-0.0489,0.0596,-0.05005,-0.0554,0.03622,-0.06146,-0.05545,0.006393,-0.0565,-0.05545,-0.02505,-0.0364,-0.05545,-0.04987,-0.006638,-0.05542,-0.06128,0.02486,-0.05545,-0.05627,0.04965,-0.05545,-0.03622,0.0611,-0.05545,-0.006474,0.0561,-0.05545,0.02502,0.03604,-0.05545,0.0498,0.00631,-0.05548,0.06128,-0.02524,-0.05545,0.05627,-0.04596,-0.06094,0.03323,-0.05667,-0.061,0.003197,-0.04944,-0.061,-0.02783,-0.0266,-0.061,-0.05005,0.004646,-0.06097,-0.05637,0.0343,-0.061,-0.0448,0.05307,-0.061,-0.01903,0.0549,-0.061,0.01277,0.03925,-0.061,0.04053,0.011055,-0.061,0.05542,-0.02069,-0.061,0.0527,-0.04175,-0.06573,0.03018,-0.05154,-0.06573,-1.526e-05,-0.04175,-0.06573,-0.03021,-0.01608,-0.06573,-0.04886,0.01569,-0.06573,-0.04886,0.04135,-0.0658,-0.03021,0.05118,-0.06573,-3.27e-05,0.04138,-0.06573,0.03015,0.01569,-0.06573,0.04883,-0.01605,-0.06573,0.04883,-0.03745,-0.0698,0.02704,-0.0462,-0.0699,-1.574e-05,-0.0374,-0.0699,-0.02707,-0.01443,-0.0699,-0.04376,0.01403,-0.0699,-0.0438,0.03702,-0.0699,-0.02707,0.04584,-0.0699,-3.386e-05,0.03705,-0.0699,0.02702,0.01404,-0.0699,0.04373,-0.014404,-0.0699,0.04373,-0.03305,-0.07336,0.02385,-0.04065,-0.07336,-0.00284,-0.02936,-0.07336,-0.02818,-0.004436,-0.07336,-0.04034,0.02248,-0.07336,-0.03363,0.0388,-0.07336,-0.01121,0.03687,-0.07336,0.01646,0.0176,-0.07336,0.0364,-0.009995,-0.07336,0.0393,-0.02856,-0.07635,0.0206,-0.03473,-0.07635,-0.00548,-0.02075,-0.0764,-0.0283,0.005276,-0.07635,-0.03455,0.02809,-0.07635,-0.02058,0.03433,-0.0764,0.00544,0.02037,-0.0764,0.02826,-0.005657,-0.0764,0.03452,-0.02399,-0.07886,0.01727,-0.02841,-0.07886,-0.00781,-0.01171,-0.07886,-0.02695,0.01368,-0.07886,-0.0258,0.02863,-0.07886,-0.00526,0.02187,-0.07886,0.01924,-0.001502,-0.07886,0.02922,-0.01933,-0.08093,0.01389,-0.022,-0.0808,-0.009735,-0.002695,-0.0808,-0.02377,0.01913,-0.0808,-0.01405,0.02162,-0.0808,0.00969,0.002302,-0.0808,0.02373,-0.01463,-0.08246,0.01047,-0.01659,-0.08246,-0.00732,-0.00207,-0.08246,-0.01787,0.01433,-0.08246,-0.010574,0.0162,-0.08246,0.00727,0.001685,-0.08246,0.01782,-0.00989,-0.0836,0.007034,-0.01118,-0.08356,-0.004898,-0.001461,-0.08356,-0.01198,0.00953,-0.08356,-0.007103,0.010796,-0.08356,0.004852,0.001072,-0.08356,0.01193,-0.00516,-0.0843,0.00356,-0.005745,-0.0842,-0.002539,-0.000803,-0.0843,-0.006096,0.004753,-0.0843,-0.003597,0.005383,-0.0843,0.002466,0.0004432,-0.0842,0.006042,-0.0002494,-0.0844,2.46e-05
-0.04605,-0.00422,0.0656,-0.06866,-0.004745,0.0411,-0.0794,-0.004738,0.00957,-0.0765,-0.004738,-0.0236,-0.06027,-0.004738,-0.0526,-0.03363,-0.004738,-0.0726,-0.001206,-0.004738,-0.07996,0.03143,-0.004738,-0.07355,0.05862,-0.004738,-0.05438,0.0757,-0.00474,-0.02588,0.07965,-0.004738,0.00724,0.0699,-0.004738,0.03894,0.04794,-0.004738,0.06396,0.01779,-0.004738,0.078,-0.01546,-0.00474,0.07855,-0.04456,-0.03006,0.06137,-0.0656,-0.03029,0.03793,-0.07544,-0.03029,0.00807,-0.0722,-0.03027,-0.02322,-0.05655,-0.03027,-0.05054,-0.03111,-0.03026,-0.0691,-0.0003424,-0.03026,-0.0757,0.0305,-0.03026,-0.06915,0.056,-0.03027,-0.05075,0.0717,-0.0303,-0.02356,0.07556,-0.0304,0.00756,0.0655,-0.03029,0.03766,0.04446,-0.03029,0.06113,0.01573,-0.03029,0.074,-0.01575,-0.03029,0.0741,-0.04193,-0.04068,0.05774,-0.0628,-0.0409,0.03384,-0.0713,-0.0409,0.003357,-0.0657,-0.0409,-0.02783,-0.04715,-0.04086,-0.0535,-0.01924,-0.04086,-0.0686,0.0124,-0.0409,-0.07,0.04163,-0.04092,-0.05753,0.06244,-0.04092,-0.0339,0.071,-0.0409,-0.003408,0.0659,-0.04108,0.0277,0.0468,-0.0409,0.05344,0.01892,-0.0409,0.0686,-0.01273,-0.0409,0.07007,-0.03918,-0.04868,0.05392,-0.05972,-0.0489,0.02959,-0.06665,-0.0489,-0.001465,-0.05835,-0.04886,-0.03217,-0.03674,-0.04886,-0.05554,-0.006733,-0.04886,-0.06616,0.02477,-0.0489,-0.06158,0.05057,-0.0489,-0.043,0.06476,-0.0489,-0.01452,0.0641,-0.0489,0.01727,0.0492,-0.0492,0.0451,0.0221,-0.0489,0.0626,-0.009636,-0.0489,0.0658,-0.03632,-0.05524,0.05,-0.0564,-0.05545,0.02516,-0.06146,-0.05545,-0.0063,-0.0501,-0.05542,-0.03607,-0.02533,-0.05542,-0.05624,0.00611,-0.05542,-0.06128,0.03595,-0.05542,-0.04993,0.05606,-0.05542,-0.0252,0.06113,-0.05545,0.006283,0.0498,-0.05545,0.03604,0.02547,-0.05585,0.05618,-0.006413,-0.05545,0.06128,-0.03333,-0.0608,0.0459,-0.05283,-0.06097,0.02061,-0.05563,-0.06097,-0.01112,-0.04086,-0.06097,-0.0393,-0.01307,-0.06097,-0.05508,0.01872,-0.061,-0.05328,0.04453,-0.06097,-0.03467,0.05618,-0.06097,-0.00499,0.04993,-0.06097,0.02628,0.02779,-0.06097,0.04916,-0.003117,-0.06128,0.0564,-0.03032,-0.06555,0.0417,-0.04898,-0.06573,0.01596,-0.04904,-0.06573,-0.01578,-0.03046,-0.06573,-0.04147,-0.0002556,-0.06573,-0.05136,0.0299,-0.06573,-0.04163,0.04865,-0.06573,-0.016,0.0487,-0.06573,0.01575,0.0301,-0.06573,0.04147,-5.984e-05,-0.06573,0.05136,-0.02719,-0.06964,0.03735,-0.0439,-0.0699,0.014305,-0.04398,-0.0699,-0.014145,-0.0273,-0.0698,-0.03717,-0.000267,-0.0698,-0.04602,0.0268,-0.0699,-0.0373,0.04355,-0.0699,-0.014336,0.04364,-0.0699,0.01411,0.02696,-0.0699,0.03714,-7.206e-05,-0.0699,0.046,-0.02402,-0.07324,0.03296,-0.0395,-0.07336,0.00989,-0.03665,-0.07336,-0.01772,-0.01674,-0.07336,-0.03702,0.01092,-0.07336,-0.03903,0.0334,-0.07336,-0.02277,0.04016,-0.07336,0.004128,0.02806,-0.07336,0.02908,0.002747,-0.07336,0.04044,-0.02078,-0.07623,0.02847,-0.0347,-0.07635,0.00553,-0.0285,-0.07635,-0.0205,-0.005714,-0.07635,-0.03455,0.02031,-0.07635,-0.02835,0.03436,-0.07635,-0.005566,0.02815,-0.07635,0.02046,0.00537,-0.07635,0.03452,-0.01746,-0.07874,0.0239,-0.02942,-0.07886,0.001364,-0.0195,-0.07886,-0.02202,0.004997,-0.07886,-0.02884,0.02559,-0.07886,-0.013954,0.02678,-0.07886,0.01143,0.00768,-0.07886,0.0282,-0.01409,-0.08075,0.01924,-0.02393,-0.0808,-0.002459,-0.00994,-0.08075,-0.0218,0.01382,-0.08075,-0.01936,0.02357,-0.0808,0.00242,0.00958,-0.0808,0.02177,-0.01068,-0.08234,0.01453,-0.01802,-0.0824,-0.001851,-0.007515,-0.0824,-0.01639,0.01034,-0.0824,-0.01456,0.01767,-0.0824,0.001816,0.00716,-0.0824,0.01636,-0.007244,-0.0835,0.00978,-0.01214,-0.08356,-0.001229,-0.005096,-0.08356,-0.01098,0.00686,-0.08356,-0.00976,0.01178,-0.08356,0.001198,0.00475,-0.08356,0.010956,-0.00383,-0.08417,0.004993,-0.006237,-0.0843,-0.000703,-0.002623,-0.0843,-0.0056,0.003407,-0.0843,-0.00494,0.005894,-0.0843,0.0006,0.002335,-0.0843,0.00555,-0.0002435,-0.0842,8.83e-05
-0.02702,-0.005566,0.07495,-0.05536,-0.005215,0.05762,-0.07404,-0.005215,0.03008,-0.0799,-0.005215,-0.002693,-0.072,-0.005234,-0.035,-0.0516,-0.00522,-0.06125,-0.02225,-0.005215,-0.0769,0.01093,-0.005215,-0.07935,0.04227,-0.00515,-0.0681,0.0662,-0.005215,-0.04507,0.07886,-0.005215,-0.01434,0.0777,-0.005215,0.019,0.06323,-0.005215,0.04895,0.0378,-0.005215,0.07043,0.005882,-0.005215,0.0796,-0.02466,-0.0314,0.07117,-0.05167,-0.0314,0.055,-0.0697,-0.0314,0.0292,-0.0757,-0.0314,-0.001676,-0.0686,-0.0314,-0.0323,-0.04962,-0.03128,-0.05737,-0.02211,-0.03125,-0.0727,0.009186,-0.0312,-0.0754,0.03885,-0.03116,-0.06506,0.06183,-0.03113,-0.04367,0.07385,-0.0313,-0.01456,0.0737,-0.0314,0.01662,0.06042,-0.0314,0.04514,0.03668,-0.0314,0.0658,0.00658,-0.0314,0.075,-0.0232,-0.04202,0.06696,-0.0501,-0.04202,0.0502,-0.06714,-0.04202,0.02347,-0.0708,-0.04202,-0.007996,-0.06052,-0.04196,-0.0378,-0.0381,-0.0419,-0.0604,-0.008354,-0.04175,-0.07086,0.02307,-0.04175,-0.0674,0.04987,-0.04166,-0.05063,0.06696,-0.0418,-0.02411,0.0703,-0.04184,0.007496,0.06042,-0.04202,0.03717,0.03815,-0.04202,0.0597,0.0083,-0.04202,0.0703,-0.02167,-0.05002,0.0625,-0.04843,-0.05002,0.04523,-0.0641,-0.05002,0.01753,-0.06506,-0.05002,-0.01429,-0.0511,-0.05,-0.04276,-0.0255,-0.04987,-0.0616,0.005974,-0.04968,-0.06616,0.03595,-0.04993,-0.05585,0.05762,-0.04977,-0.0327,0.0664,-0.05,-0.002428,0.05927,-0.04974,0.0289,0.0394,-0.05002,0.05313,0.010025,-0.05002,0.0653,-0.02008,-0.05655,0.05786,-0.04654,-0.05658,0.04004,-0.06052,-0.05658,0.011375,-0.05832,-0.05655,-0.02036,-0.04034,-0.0565,-0.04672,-0.01185,-0.0563,-0.06058,0.02003,-0.0564,-0.05826,0.046,-0.0565,-0.0407,0.06036,-0.0564,-0.01207,0.05823,-0.05658,0.01965,0.03995,-0.05618,0.04626,0.01171,-0.05658,0.0601,-0.01845,-0.0621,0.0531,-0.04443,-0.0621,0.03467,-0.05634,-0.0621,0.005085,-0.05032,-0.06207,-0.02615,-0.02832,-0.06207,-0.04926,0.002594,-0.06195,-0.05652,0.0325,-0.06216,-0.04633,0.05225,-0.06195,-0.02133,0.0555,-0.06207,0.010216,0.04095,-0.0621,0.03857,0.01317,-0.06177,0.05466,-0.01675,-0.0669,0.0482,-0.0421,-0.0669,0.02907,-0.0514,-0.0669,-0.00128,-0.04102,-0.06683,-0.03123,-0.015076,-0.06683,-0.04935,0.01675,-0.0668,-0.0487,0.04172,-0.067,-0.02971,0.05124,-0.06683,0.000522,0.041,-0.0669,0.0305,0.01499,-0.0669,0.0487,-0.015015,-0.071,0.04312,-0.03772,-0.071,0.026,-0.04605,-0.071,-0.001187,-0.03674,-0.0709,-0.02805,-0.01365,-0.071,-0.0442,0.014984,-0.07086,-0.04373,0.0375,-0.07104,-0.02673,0.04596,-0.071,0.0003846,0.0367,-0.071,0.02728,0.01343,-0.071,0.0436,-0.013275,-0.0745,0.038,-0.0348,-0.0745,0.0205,-0.0401,-0.0745,-0.006695,-0.02663,-0.0745,-0.03098,-0.0007277,-0.07434,-0.04074,0.02548,-0.07446,-0.03186,0.03976,-0.0745,-0.008156,0.03543,-0.0745,0.01924,0.014496,-0.0745,0.03745,-0.01145,-0.0775,0.03275,-0.03146,-0.0775,0.01494,-0.03308,-0.07745,-0.01176,-0.01539,-0.0775,-0.0318,0.01139,-0.07733,-0.03336,0.03137,-0.0775,-0.01573,0.03302,-0.0775,0.01097,0.01529,-0.0775,0.03102,-0.009605,-0.08,0.02739,-0.02763,-0.08,0.009415,-0.02492,-0.07996,-0.01584,-0.00358,-0.08,-0.02937,0.02057,-0.07996,-0.02118,0.02907,-0.08,0.002722,0.01567,-0.08,0.0243,-0.00774,-0.0821,0.02194,-0.02348,-0.0819,0.00413,-0.01569,-0.0819,-0.01845,0.007793,-0.0818,-0.0229,0.02344,-0.08185,-0.004932,0.0156,-0.0819,0.01764,-0.005848,-0.0836,0.01645,-0.01765,-0.08356,0.003021,-0.011826,-0.08356,-0.01394,0.00571,-0.0836,-0.0173,0.01752,-0.08356,-0.003778,0.01173,-0.08356,0.01314,-0.00393,-0.0847,0.010895,-0.01185,-0.08466,0.001905,-0.00794,-0.08466,-0.00947,0.003857,-0.08466,-0.01172,0.011734,-0.08466,-0.002693,0.00784,-0.08466,0.008675,-0.002058,-0.08545,0.005302,-0.00606,-0.08545,0.0007324,-0.00404,-0.0854,-0.00502,0.001947,-0.0854,-0.006126,0.005943,-0.0854,-0.001515,0.00393,-0.08545,0.004253,-3.546e-05,-0.0855,-0.0004337
0.007782,-0.005787,0.0794,-0.02542,-0.005203,0.07556,-0.05402,-0.005203,0.05872,-0.0733,-0.005203,0.0317,-0.0801,-0.005207,-0.0008063,-0.0729,-0.005135,-0.0331,-0.05234,-0.004612,-0.05978,-0.0233,-0.004616,-0.07605,0.00926,-0.00499,-0.0793,0.0405,-0.005203,-0.06885,0.0651,-0.005196,-0.04666,0.0781,-0.0052,-0.01604,0.0779,-0.005203,0.01718,0.0641,-0.005203,0.04742,0.03925,-0.005207,0.0694,0.01165,-0.03128,0.07446,-0.0198,-0.0313,0.0729,-0.04788,-0.0313,0.05862,-0.06775,-0.0313,0.0342,-0.07574,-0.0313,0.003859,-0.0707,-0.0314,-0.0274,-0.05338,-0.03088,-0.05347,-0.0271,-0.0307,-0.0705,0.003656,-0.03094,-0.0757,0.0339,-0.03125,-0.06775,0.0576,-0.03093,-0.04617,0.07275,-0.03134,-0.01999,0.07446,-0.0313,0.01137,0.06323,-0.0313,0.0408,0.04102,-0.0313,0.0631,0.01094,-0.042,0.06995,-0.02069,-0.04193,0.06793,-0.04828,-0.04193,0.05234,-0.0663,-0.04193,0.02637,-0.07117,-0.04202,-0.005,-0.06195,-0.04144,-0.03516,-0.03992,-0.04138,-0.0584,-0.011215,-0.04147,-0.0701,0.02019,-0.0414,-0.06824,0.0476,-0.0419,-0.05292,0.0645,-0.04123,-0.02495,0.07074,-0.04193,0.004402,0.06165,-0.04193,0.0347,0.0403,-0.04193,0.05814,0.01019,-0.05002,0.0653,-0.02155,-0.04993,0.06274,-0.0484,-0.04993,0.04565,-0.0642,-0.04993,0.01807,-0.0654,-0.04993,-0.01378,-0.051,-0.0495,-0.04187,-0.02547,-0.0495,-0.06088,0.005386,-0.04938,-0.06586,0.03543,-0.04965,-0.05624,0.05734,-0.04993,-0.0334,0.06464,-0.0488,-0.0009265,0.05966,-0.04993,0.0284,0.0395,-0.04993,0.05292,0.009415,-0.0566,0.0605,-0.02232,-0.0565,0.05725,-0.04816,-0.0565,0.03854,-0.06113,-0.0565,0.00942,-0.05795,-0.0564,-0.02208,-0.03873,-0.05643,-0.04736,-0.00997,-0.05597,-0.06024,0.02182,-0.05533,-0.05728,0.0475,-0.0564,-0.03915,0.0605,-0.0565,-0.01001,0.05585,-0.05496,0.02322,0.03848,-0.0565,0.04755,0.00858,-0.06216,0.0555,-0.02301,-0.06204,0.0515,-0.04742,-0.062,0.03104,-0.0569,-0.06204,0.000596,-0.0482,-0.0619,-0.02974,-0.02441,-0.06168,-0.05103,0.006535,-0.06055,-0.05527,0.03613,-0.06165,-0.04343,0.05368,-0.06204,-0.01712,0.05417,-0.06204,0.01477,0.03674,-0.06064,0.0427,0.00779,-0.06696,0.05032,-0.02357,-0.0668,0.0455,-0.04605,-0.0668,0.02309,-0.05112,-0.0668,-0.00823,-0.03638,-0.06665,-0.03632,-0.00888,-0.0661,-0.0504,0.02292,-0.0662,-0.045,0.0454,-0.0668,-0.02367,0.0504,-0.0668,0.007618,0.03604,-0.0668,0.03592,0.00694,-0.07104,0.04504,-0.02116,-0.0709,0.0407,-0.04132,-0.0709,0.02065,-0.04587,-0.07086,-0.007347,-0.03268,-0.0708,-0.03262,-0.007904,-0.0708,-0.04453,0.02054,-0.07043,-0.04062,0.04068,-0.0708,-0.02124,0.04514,-0.0709,0.00679,0.03226,-0.0709,0.03217,0.006004,-0.0746,0.03973,-0.02116,-0.0744,0.0345,-0.03867,-0.0744,0.012955,-0.03818,-0.07434,-0.01463,-0.01994,-0.0744,-0.03564,0.00712,-0.0741,-0.03918,0.03119,-0.07416,-0.02576,0.04022,-0.0744,0.000316,0.0303,-0.0744,0.02621,0.00517,-0.0776,0.0342,-0.02084,-0.0774,0.028,-0.03488,-0.0774,0.00522,-0.02852,-0.07733,-0.02074,-0.00622,-0.0774,-0.03442,0.02026,-0.0769,-0.02835,0.0342,-0.0774,-0.00582,0.02798,-0.0774,0.02017,0.004276,-0.0801,0.0286,-0.02007,-0.0799,0.02133,-0.02957,-0.0799,-0.002169,-0.01701,-0.07983,-0.02434,0.007866,-0.07965,-0.02797,0.02687,-0.0797,-0.01118,0.02516,-0.0799,0.01409,0.003357,-0.08215,0.02292,-0.019,-0.0818,0.01465,-0.02255,-0.0817,-0.00895,-0.00414,-0.0818,-0.02383,0.01831,-0.08154,-0.0151,0.02193,-0.08185,0.008354,0.00244,-0.0837,0.01717,-0.01432,-0.0835,0.01098,-0.01706,-0.08344,-0.00674,-0.003187,-0.08344,-0.01799,0.013466,-0.08344,-0.01145,0.0164,-0.08344,0.006126,0.001508,-0.0848,0.011375,-0.009674,-0.08453,0.007275,-0.01155,-0.0846,-0.004604,-0.002241,-0.0846,-0.01218,0.008896,-0.08466,-0.007793,0.01088,-0.0846,0.004013,0.0004487,-0.0855,0.005596,-0.005203,-0.0853,0.003456,-0.005993,-0.08527,-0.002605,-0.001201,-0.0853,-0.00638,0.004444,-0.0853,-0.004032,0.005337,-0.0853,0.002014,-0.0003824,-0.0857,-0.0004046
-0.063,-0.004517,0.0494,-0.0776,-0.00477,0.01956,-0.07886,-0.004787,-0.01369,-0.0665,-0.004787,-0.0446,-0.04272,-0.004787,-0.0678,-0.011505,-0.004787,-0.07935,0.02168,-0.004787,-0.07715,0.05112,-0.004787,-0.06168,0.0717,-0.004784,-0.03555,0.07996,-0.004784,-0.003315,0.07416,-0.004784,0.0295,0.05582,-0.004787,0.05713,0.0277,-0.004787,0.0749,-0.005234,-0.004787,0.07965,-0.03726,-0.004787,0.0706,-0.05957,-0.03035,0.04648,-0.07355,-0.03033,0.01825,-0.07477,-0.03033,-0.01321,-0.0631,-0.03033,-0.04245,-0.04053,-0.03033,-0.0644,-0.010994,-0.03033,-0.07526,0.02042,-0.03033,-0.07324,0.04828,-0.03032,-0.05856,0.06775,-0.03033,-0.0338,0.0755,-0.03033,-0.003313,0.0701,-0.03032,0.02771,0.05267,-0.03033,0.0539,0.02603,-0.03033,0.0707,-0.005123,-0.03033,0.0752,-0.03543,-0.03033,0.06665,-0.05606,-0.04095,0.0437,-0.06964,-0.04095,0.01507,-0.06946,-0.04095,-0.01662,-0.05554,-0.04095,-0.04507,-0.03067,-0.04095,-0.0647,0.0002708,-0.04095,-0.07153,0.03111,-0.04095,-0.06433,0.0558,-0.04095,-0.04443,0.06934,-0.04095,-0.0158,0.06915,-0.04095,0.01588,0.05527,-0.04095,0.04434,0.03036,-0.04095,0.06396,-0.00057,-0.04095,0.07086,-0.03143,-0.04095,0.0636,-0.05237,-0.04895,0.04077,-0.06555,-0.04892,0.0118,-0.0637,-0.04892,-0.01997,-0.0473,-0.04892,-0.04727,-0.02011,-0.04892,-0.0638,0.01166,-0.04892,-0.0658,0.0407,-0.04892,-0.05283,0.06042,-0.04892,-0.02782,0.0662,-0.04892,0.00347,0.05685,-0.04892,0.03387,0.03445,-0.04895,0.05646,0.004047,-0.04892,0.066,-0.02728,-0.04892,0.06036,-0.04855,-0.05548,0.03778,-0.06113,-0.05548,0.00846,-0.05737,-0.05548,-0.02321,-0.03827,-0.05548,-0.04877,-0.00897,-0.05548,-0.06134,0.0227,-0.05548,-0.0576,0.04825,-0.05548,-0.03848,0.06082,-0.05548,-0.009186,0.05707,-0.05548,0.02249,0.038,-0.05548,0.04803,0.00873,-0.0555,0.06064,-0.023,-0.05548,0.05685,-0.0446,-0.06104,0.03464,-0.05646,-0.06104,0.005062,-0.05045,-0.06104,-0.02625,-0.02847,-0.06104,-0.04932,0.002491,-0.06104,-0.0569,0.03262,-0.06104,-0.04648,0.05234,-0.06104,-0.02144,0.05542,-0.06104,0.01029,0.04083,-0.06104,0.03864,0.01324,-0.06104,0.0546,-0.01857,-0.06107,0.0531,-0.0405,-0.0658,0.03143,-0.05148,-0.0658,0.001638,-0.04285,-0.0658,-0.02892,-0.01791,-0.0658,-0.04855,0.01381,-0.0658,-0.0498,0.0402,-0.0658,-0.03217,0.05118,-0.0658,-0.002365,0.04254,-0.0658,0.02818,0.01761,-0.0658,0.04782,-0.01411,-0.0658,0.04907,-0.03632,-0.0699,0.02812,-0.04614,-0.0699,0.0014305,-0.0384,-0.0699,-0.02594,-0.01607,-0.0699,-0.04355,0.01235,-0.0699,-0.04465,0.036,-0.0699,-0.02884,0.04584,-0.0699,-0.002157,0.03812,-0.0699,0.0252,0.01576,-0.0699,0.04282,-0.01266,-0.0699,0.0439,-0.03204,-0.0734,0.02477,-0.04068,-0.0734,-0.001612,-0.0304,-0.0734,-0.02737,-0.005955,-0.0734,-0.0405,0.0212,-0.0734,-0.03482,0.03836,-0.0734,-0.013054,0.0375,-0.0734,0.01467,0.01903,-0.0734,0.03537,-0.008415,-0.0734,0.03934,-0.0277,-0.0764,0.02133,-0.03485,-0.0764,-0.004482,-0.02179,-0.0764,-0.02783,0.00397,-0.0764,-0.0351,0.02731,-0.0764,-0.022,0.03458,-0.0764,0.003756,0.02148,-0.0764,0.0271,-0.00427,-0.0764,0.03436,-0.02324,-0.0789,0.01784,-0.02866,-0.0789,-0.007046,-0.012695,-0.0789,-0.02682,0.01271,-0.0789,-0.02667,0.02844,-0.0789,-0.00671,0.02264,-0.0789,0.01804,-0.0003235,-0.0789,0.02892,-0.01872,-0.08093,0.014275,-0.02232,-0.0808,-0.00922,-0.003567,-0.0808,-0.02399,0.0186,-0.0808,-0.01514,0.02202,-0.0808,0.00849,0.003265,-0.0808,0.02327,-0.01416,-0.0825,0.01067,-0.01682,-0.08246,-0.007015,-0.002718,-0.08246,-0.01813,0.01395,-0.08246,-0.01147,0.01651,-0.08246,0.00629,0.002419,-0.08246,0.0174,-0.00956,-0.0836,0.007053,-0.011314,-0.0836,-0.004814,-0.001874,-0.0836,-0.01226,0.00929,-0.0836,-0.007805,0.01102,-0.0836,0.00409,0.001573,-0.0836,0.011536,-0.004955,-0.08435,0.003408,-0.00581,-0.0843,-0.002644,-0.001016,-0.0843,-0.0064,0.004646,-0.0843,-0.004135,0.00552,-0.0843,0.001904,0.0007234,-0.0843,0.00568,-0.0001879,-0.0844,-0.0003245
-0.0791,-0.00471,0.01218,-0.0772,-0.004982,-0.02122,-0.06186,-0.004982,-0.05072,-0.0359,-0.004982,-0.0714,-0.003727,-0.004982,-0.07983,0.02904,-0.00499,-0.0744,0.05673,-0.004997,-0.05615,0.0745,-0.00501,-0.0282,0.07916,-0.00481,0.00488,0.07074,-0.004948,0.0368,0.04996,-0.004982,0.0626,0.01993,-0.004982,0.07733,-0.013275,-0.004982,0.07886,-0.04416,-0.004982,0.0667,-0.06604,-0.005337,0.0434,-0.0755,-0.03043,0.00821,-0.07245,-0.03094,-0.02312,-0.05682,-0.03091,-0.05045,-0.0314,-0.03091,-0.0691,-0.0007153,-0.0309,-0.07574,0.03006,-0.03087,-0.0694,0.05533,-0.03085,-0.05103,0.0711,-0.03073,-0.0239,0.0748,-0.03108,0.00739,0.0654,-0.031,0.03735,0.04617,-0.0313,0.06165,0.01587,-0.03094,0.07385,-0.01567,-0.03094,0.07404,-0.0445,-0.03094,0.0614,-0.0654,-0.03102,0.03815,-0.07104,-0.04114,0.007736,-0.0675,-0.04156,-0.02379,-0.05054,-0.04153,-0.0505,-0.02365,-0.04153,-0.0673,0.007835,-0.04147,-0.07074,0.0376,-0.04147,-0.0602,0.05972,-0.0416,-0.03778,0.0703,-0.04153,-0.00788,0.06683,-0.04156,0.02356,0.04996,-0.04156,0.05032,0.02478,-0.04224,0.0682,-0.00837,-0.04156,0.0706,-0.03833,-0.04156,0.06012,-0.06055,-0.0416,0.0377,-0.06647,-0.0492,0.00721,-0.06226,-0.04956,-0.02437,-0.04388,-0.04953,-0.0503,-0.01545,-0.0495,-0.06476,0.01627,-0.04947,-0.0644,0.04416,-0.04953,-0.04922,0.06192,-0.04947,-0.02296,0.06555,-0.0495,0.008644,0.054,-0.04956,0.03827,0.03001,-0.04956,0.0591,0.0005574,-0.05057,0.0676,-0.03177,-0.04956,0.05847,-0.05542,-0.04956,0.0371,-0.0616,-0.0558,0.006695,-0.05676,-0.0561,-0.02486,-0.0368,-0.05606,-0.0497,-0.006935,-0.0561,-0.06125,0.02444,-0.05594,-0.0564,0.049,-0.0561,-0.03647,0.06085,-0.05606,-0.006813,0.0561,-0.0561,0.02467,0.03616,-0.0561,0.04956,0.00651,-0.0561,0.06116,-0.02385,-0.0574,0.05737,-0.0499,-0.0561,0.03647,-0.0566,-0.06137,0.00618,-0.051,-0.06165,-0.02527,-0.02927,-0.06165,-0.0486,0.001499,-0.0616,-0.05658,0.0318,-0.06155,-0.04645,0.0517,-0.0617,-0.02187,0.05533,-0.0616,0.009796,0.0412,-0.06165,0.03833,0.013824,-0.06165,0.05466,-0.018,-0.06165,0.05365,-0.04364,-0.06274,0.03592,-0.05148,-0.06616,0.005554,-0.04495,-0.0664,-0.02553,-0.02142,-0.0664,-0.0469,0.01005,-0.06635,-0.05032,0.0376,-0.0664,-0.03464,0.05066,-0.0664,-0.005733,0.04428,-0.0664,0.02534,0.02081,-0.0664,0.04672,-0.01074,-0.0664,0.0502,-0.03833,-0.0664,0.03445,-0.04617,-0.0703,0.00496,-0.0403,-0.0705,-0.02289,-0.01924,-0.0705,-0.04205,0.008965,-0.0705,-0.04507,0.03372,-0.0705,-0.03104,0.04538,-0.07056,-0.005165,0.03964,-0.0705,0.02269,0.01862,-0.0705,0.04184,-0.00966,-0.0705,0.04495,-0.03436,-0.0705,0.03087,-0.0408,-0.0739,0.004414,-0.03406,-0.07404,-0.0226,-0.0117,-0.07404,-0.03903,0.01595,-0.07404,-0.03717,0.03604,-0.07404,-0.01807,0.03906,-0.07404,0.00949,0.02368,-0.07404,0.03256,-0.002943,-0.07404,0.04037,-0.02834,-0.07404,0.02922,-0.03528,-0.0769,0.003773,-0.0276,-0.077,-0.02196,-0.004192,-0.077,-0.03485,0.02153,-0.077,-0.02736,0.03442,-0.077,-0.00394,0.02696,-0.077,0.02176,0.00351,-0.077,0.03464,-0.02219,-0.077,0.02719,-0.02963,-0.07947,0.00314,-0.02098,-0.0795,-0.02086,0.002975,-0.0795,-0.02919,0.0245,-0.0795,-0.01561,0.0273,-0.0795,0.00963,0.009285,-0.0795,0.02756,-0.01596,-0.0795,0.02466,-0.02391,-0.0815,0.00252,-0.014534,-0.0814,-0.01933,0.00918,-0.0814,-0.02202,0.0234,-0.0814,-0.002785,0.013885,-0.0814,0.0191,-0.009865,-0.0814,0.0218,-0.01813,-0.08307,0.001888,-0.01097,-0.08307,-0.01457,0.006855,-0.08307,-0.01654,0.0175,-0.08307,-0.002108,0.010315,-0.08307,0.01434,-0.007526,-0.08307,0.01634,-0.01228,-0.0842,0.0012045,-0.00749,-0.0842,-0.009796,0.00447,-0.0842,-0.01112,0.01161,-0.0842,-0.00144,0.006817,-0.0842,0.00956,-0.005135,-0.0842,0.01094,-0.006397,-0.0849,0.0006065,-0.003975,-0.08496,-0.00502,0.002094,-0.08496,-0.005703,0.005722,-0.08496,-0.000804,0.003317,-0.08496,0.004787,-0.00274,-0.08496,0.00552,-0.0003273,-0.08496,-0.0001233
-0.07996,-0.004414,-1.25e-05,-0.0729,-0.004787,-0.0326,-0.05334,-0.004787,-0.05948,-0.0245,-0.004787,-0.0761,0.008575,-0.004787,-0.0795,0.0402,-0.004787,-0.0693,0.0649,-0.004787,-0.04697,0.0784,-0.004787,-0.01657,0.07837,-0.004795,0.01668,0.0648,-0.004787,0.04706,0.04004,-0.004787,0.0693,0.00846,-0.004787,0.0796,-0.02461,-0.004787,0.07605,-0.0534,-0.004787,0.05942,-0.07294,-0.004787,0.0325,-0.0755,-0.03024,-5.615e-05,-0.0689,-0.03027,-0.03084,-0.0504,-0.03027,-0.0563,-0.02313,-0.03027,-0.072,0.00818,-0.03027,-0.07526,0.03812,-0.03027,-0.06555,0.0615,-0.03027,-0.04446,0.0743,-0.03027,-0.01569,0.0742,-0.03027,0.0158,0.06143,-0.03027,0.04456,0.03793,-0.03026,0.06555,0.008064,-0.03027,0.0753,-0.02324,-0.03027,0.07196,-0.05048,-0.03027,0.0562,-0.069,-0.03027,0.03075,-0.071,-0.04086,-5.22e-05,-0.0639,-0.0409,-0.03093,-0.04413,-0.0409,-0.0557,-0.01559,-0.0409,-0.0694,0.0161,-0.0409,-0.0694,0.04465,-0.0409,-0.05563,0.0644,-0.0409,-0.03085,0.0714,-0.0409,5.05e-05,0.06433,-0.0409,0.03094,0.04456,-0.0409,0.0557,0.01595,-0.04086,0.0694,-0.01569,-0.0409,0.0694,-0.04422,-0.0409,0.05563,-0.06396,-0.0409,0.03085,-0.0663,-0.04883,-4.756e-05,-0.05865,-0.0489,-0.03094,-0.03754,-0.0489,-0.05475,-0.00776,-0.0489,-0.06604,0.02383,-0.0489,-0.06216,0.05002,-0.0489,-0.04407,0.0648,-0.0489,-0.01587,0.06476,-0.0489,0.01596,0.04996,-0.0489,0.04413,0.02374,-0.0489,0.0622,-0.00789,-0.04886,0.066,-0.0376,-0.0489,0.0547,-0.0587,-0.0489,0.03087,-0.06143,-0.0554,-4.36e-05,-0.05313,-0.05542,-0.03085,-0.03056,-0.05542,-0.05338,0.0002537,-0.05542,-0.0616,0.03105,-0.05542,-0.05334,0.0536,-0.05542,-0.03078,0.06183,-0.05542,4.37e-05,0.05356,-0.05542,0.03085,0.03098,-0.05542,0.05338,0.0001651,-0.05542,0.0616,-0.03065,-0.0554,0.0533,-0.05316,-0.05542,0.03078,-0.05637,-0.06094,-4.07e-05,-0.04736,-0.06097,-0.03061,-0.02325,-0.06097,-0.05148,0.0083,-0.06097,-0.056,0.0373,-0.06097,-0.04272,0.0545,-0.06097,-0.0159,0.05447,-0.06097,0.01598,0.03723,-0.06097,0.0428,0.008224,-0.06097,0.056,-0.02333,-0.06097,0.05145,-0.04742,-0.06094,0.03053,-0.05118,-0.0657,-3.62e-05,-0.04132,-0.06573,-0.03021,-0.01563,-0.06573,-0.04886,0.01611,-0.06573,-0.04883,0.04178,-0.06573,-0.03017,0.05157,-0.06573,3.65e-05,0.04175,-0.06573,0.03023,0.01605,-0.06573,0.04886,-0.0157,-0.06573,0.04883,-0.04135,-0.06573,0.03017,-0.04584,-0.0698,-3.237e-05,-0.037,-0.0698,-0.02707,-0.01398,-0.0698,-0.04376,0.01446,-0.0698,-0.04376,0.03745,-0.0698,-0.02702,0.04623,-0.0698,3.266e-05,0.0374,-0.0698,0.02707,0.0144,-0.0698,0.04376,-0.01404,-0.0698,0.04376,-0.03705,-0.0698,0.02702,-0.0404,-0.07336,-2.85e-05,-0.03082,-0.07336,-0.02608,-0.0068,-0.07336,-0.03995,0.02051,-0.07336,-0.0351,0.03833,-0.07336,-0.01384,0.0383,-0.07336,0.01389,0.02046,-0.07336,0.03513,-0.00686,-0.07336,0.03992,-0.03087,-0.07336,0.02603,-0.03488,-0.07635,-2.45e-05,-0.02449,-0.07635,-0.02473,0.000235,-0.07635,-0.03497,0.02495,-0.07635,-0.0247,0.0352,-0.07635,2.486e-05,0.02492,-0.07635,0.02473,0.0001856,-0.07635,0.03497,-0.02454,-0.07635,0.0247,-0.0292,-0.07886,-2.05e-05,-0.01804,-0.07886,-0.0229,0.00675,-0.07886,-0.02855,0.0266,-0.07886,-0.01269,0.02658,-0.07886,0.012726,0.006706,-0.07886,0.02855,-0.01807,-0.07886,0.02287,-0.02345,-0.0809,-1.65e-05,-0.01171,-0.08075,-0.02068,0.01216,-0.08075,-0.02066,0.02408,-0.08075,1.806e-05,0.01213,-0.08075,0.02068,-0.01174,-0.08075,0.02066,-0.01764,-0.08246,-1.23e-05,-0.00875,-0.0824,-0.01554,0.009186,-0.0824,-0.015526,0.01814,-0.0824,1.42e-05,0.00917,-0.0824,0.01554,-0.008766,-0.0824,0.015526,-0.01179,-0.08356,-8.46e-06,-0.005795,-0.08356,-0.010414,0.006226,-0.08356,-0.01041,0.01222,-0.08356,8.3e-06,0.006214,-0.08356,0.010414,-0.00581,-0.08356,0.01041,-0.00591,-0.0842,-5.5e-06,-0.002829,-0.0843,-0.005295,0.003271,-0.0842,-0.005276,0.006306,-0.0843,7.2e-06,0.00326,-0.0843,0.005283,-0.00284,-0.0842,0.00529,0.000157,-0.08435,8e-07
-0.03122,-0.00487,-0.07355,0.00229,-0.005013,-0.08014,0.03473,-0.005,-0.0722,0.06097,-0.005035,-0.05176,0.0761,-0.00516,-0.02286,0.0789,-0.005123,0.01082,0.0679,-0.00501,0.04205,0.0448,-0.005013,0.06604,0.014084,-0.005013,0.07886,-0.01915,-0.005013,0.0778,-0.04916,-0.005013,0.0638,-0.0706,-0.005013,0.03784,-0.08014,-0.005013,0.005974,-0.0745,-0.00518,-0.02625,-0.057,-0.005013,-0.05527,-0.03052,-0.03079,-0.06964,0.0003564,-0.03096,-0.0759,0.03105,-0.03098,-0.0691,0.0562,-0.03104,-0.0504,0.0718,-0.03104,-0.02313,0.0749,-0.03093,0.00831,0.06506,-0.03096,0.03812,0.0438,-0.03096,0.06134,0.01494,-0.03096,0.0739,-0.01656,-0.03096,0.07367,-0.04514,-0.03094,0.06067,-0.0661,-0.03096,0.0371,-0.07556,-0.03087,0.007336,-0.07117,-0.03087,-0.02393,-0.05585,-0.03093,-0.0514,-0.0287,-0.04144,-0.06555,0.002449,-0.04156,-0.0714,0.03305,-0.04156,-0.0631,0.05698,-0.0416,-0.0425,0.0697,-0.04156,-0.013466,0.06854,-0.04156,0.01822,0.05374,-0.04156,0.0462,0.02823,-0.04156,0.065,-0.002914,-0.04156,0.0709,-0.03354,-0.04156,0.0627,-0.05743,-0.0415,0.04196,-0.0702,-0.04153,0.01297,-0.0684,-0.04163,-0.01857,-0.05402,-0.04156,-0.04675,-0.02682,-0.04947,-0.06125,0.004562,-0.04956,-0.0666,0.03482,-0.04956,-0.0567,0.05704,-0.0496,-0.034,0.06616,-0.04956,-0.003475,0.0601,-0.04956,0.02776,0.04016,-0.04956,0.05258,0.01099,-0.04956,0.0653,-0.02077,-0.04956,0.063,-0.04785,-0.04956,0.0462,-0.06384,-0.04944,0.01866,-0.0651,-0.04956,-0.01311,-0.052,-0.04956,-0.0419,-0.02487,-0.05606,-0.05676,0.00668,-0.05612,-0.06146,0.03638,-0.05612,-0.0498,0.05624,-0.05612,-0.02489,0.061,-0.05612,0.00667,0.04935,-0.05612,0.03638,0.0244,-0.05612,0.05624,-0.00715,-0.05612,0.061,-0.03683,-0.05612,0.04932,-0.05673,-0.05612,0.02434,-0.06113,-0.0559,-0.007317,-0.0497,-0.05612,-0.03696,-0.02283,-0.0616,-0.05215,0.00878,-0.06165,-0.0561,0.03754,-0.06165,-0.04233,0.05432,-0.06165,-0.01525,0.05377,-0.06165,0.01663,0.03607,-0.06165,0.04315,0.00685,-0.06165,0.05588,-0.02461,-0.06165,0.0508,-0.04834,-0.06165,0.02953,-0.05664,-0.06165,-0.001293,-0.0472,-0.06143,-0.03177,-0.02077,-0.0664,-0.04733,0.01083,-0.0664,-0.0504,0.0382,-0.0664,-0.0343,0.0509,-0.0664,-0.00522,0.04407,-0.0664,0.02579,0.0203,-0.0664,0.04684,-0.0113,-0.0664,0.04993,-0.03867,-0.0664,0.03384,-0.05133,-0.0664,0.004704,-0.04453,-0.0664,-0.02628,-0.01863,-0.0705,-0.04242,0.00968,-0.07056,-0.0452,0.0342,-0.07056,-0.03078,0.04556,-0.07056,-0.0047,0.03946,-0.07056,0.02307,0.01816,-0.07056,0.04193,-0.01015,-0.07056,0.0447,-0.03467,-0.07056,0.03029,-0.04602,-0.07056,0.004204,-0.03992,-0.07056,-0.02356,-0.01648,-0.0741,-0.03748,0.011246,-0.07404,-0.03912,0.03357,-0.07404,-0.02266,0.04007,-0.07404,0.004307,0.02771,-0.07404,0.02914,0.002283,-0.07404,0.04022,-0.02432,-0.07404,0.03238,-0.03964,-0.07404,0.00926,-0.03653,-0.07404,-0.0183,-0.014244,-0.0771,-0.03235,0.01255,-0.077,-0.03278,0.03183,-0.077,-0.01422,0.03232,-0.077,0.01254,0.01374,-0.077,0.0318,-0.013016,-0.077,0.03232,-0.0323,-0.077,0.01373,-0.03278,-0.077,-0.01302,-0.01197,-0.07965,-0.02716,0.01346,-0.0795,-0.02614,0.02855,-0.0795,-0.00568,0.02196,-0.0795,0.01886,-0.001336,-0.0795,0.02902,-0.0238,-0.0795,0.01715,-0.02852,-0.0795,-0.00783,-0.00966,-0.08167,-0.02188,0.013954,-0.0814,-0.01947,0.02351,-0.0814,0.00243,0.00932,-0.0814,0.02165,-0.01442,-0.0814,0.01898,-0.02399,-0.0814,-0.00291,-0.00733,-0.08325,-0.01653,0.01044,-0.08307,-0.01468,0.01761,-0.08307,0.001778,0.00693,-0.08307,0.01622,-0.0109,-0.08307,0.01419,-0.01808,-0.08307,-0.002262,-0.00496,-0.08435,-0.01114,0.006916,-0.0842,-0.00992,0.01171,-0.0842,0.001117,0.00456,-0.0842,0.01079,-0.007393,-0.0842,0.00942,-0.012184,-0.0842,-0.00161,-0.002642,-0.0851,-0.00569,0.003403,-0.085,-0.00515,0.005848,-0.08496,0.0004308,0.002247,-0.08496,0.00536,-0.003832,-0.08496,0.004715,-0.00631,-0.085,-0.0008674,-0.0001922,-0.08514,-0.00011027
0.02892,-0.00475,-0.07477,0.05676,-0.00497,-0.0565,0.07446,-0.005196,-0.02892,0.0793,-0.005276,0.004368,0.07117,-0.00497,0.03644,0.0502,-0.00497,0.06226,0.02051,-0.00497,0.0773,-0.012726,-0.00497,0.0789,-0.04376,-0.00497,0.0669,-0.0672,-0.00497,0.0433,-0.0789,-0.00497,0.01211,-0.0772,-0.00497,-0.02104,-0.062,-0.00497,-0.05063,-0.03607,-0.00497,-0.0715,-0.003902,-0.004974,-0.07996,0.02698,-0.03064,-0.0711,0.05344,-0.03075,-0.05402,0.0707,-0.03075,-0.02768,0.0757,-0.03075,0.003418,0.0677,-0.03075,0.03384,0.0479,-0.03075,0.05838,0.01991,-0.03075,0.0728,-0.01153,-0.03075,0.0745,-0.04095,-0.03075,0.06335,-0.0633,-0.03075,0.04117,-0.0746,-0.03072,0.01172,-0.0732,-0.03075,-0.01967,-0.05896,-0.03075,-0.04776,-0.03455,-0.03075,-0.0677,-0.00415,-0.03075,-0.0759,0.02538,-0.04126,-0.0669,0.05176,-0.04135,-0.04932,0.0679,-0.04135,-0.02203,0.0706,-0.04135,0.00955,0.05936,-0.04135,0.03918,0.03635,-0.04135,0.061,0.00616,-0.04135,0.0707,-0.02524,-0.04135,0.0663,-0.0516,-0.04135,0.0487,-0.06775,-0.04135,0.02142,-0.0703,-0.0413,-0.01024,-0.0592,-0.04135,-0.0398,-0.03622,-0.04135,-0.06158,-0.006027,-0.04135,-0.0713,0.02371,-0.04926,-0.0625,0.0499,-0.04935,-0.04437,0.06464,-0.04935,-0.01617,0.06464,-0.04935,0.01567,0.04984,-0.04935,0.04385,0.02362,-0.04935,0.06192,-0.007996,-0.04935,0.06573,-0.03775,-0.04935,0.05444,-0.05887,-0.04935,0.03058,-0.06647,-0.04935,-0.000353,-0.05862,-0.04922,-0.03134,-0.0377,-0.04935,-0.05508,-0.007904,-0.04935,-0.06635,0.02197,-0.05582,-0.05795,0.04785,-0.0559,-0.03925,0.0609,-0.0559,-0.01015,0.05768,-0.0559,0.02159,0.03903,-0.0559,0.0475,0.00992,-0.0559,0.06055,-0.02184,-0.0559,0.0573,-0.0477,-0.0559,0.03867,-0.0608,-0.0559,0.00955,-0.05756,-0.0559,-0.0222,-0.0387,-0.05573,-0.04813,-0.009766,-0.0559,-0.06116,0.02019,-0.0614,-0.05322,0.04556,-0.06146,-0.03394,0.05652,-0.06146,-0.003986,0.04956,-0.06146,0.02713,0.02689,-0.06146,0.04953,-0.004314,-0.06146,0.05612,-0.03412,-0.06146,0.0448,-0.05307,-0.06146,0.01915,-0.05515,-0.06146,-0.012665,-0.0397,-0.06146,-0.04056,-0.011505,-0.06125,-0.05573,0.01833,-0.06616,-0.04834,0.04306,-0.0662,-0.02843,0.0514,-0.0662,0.002218,0.0401,-0.0662,0.0319,0.013535,-0.0662,0.0493,-0.01819,-0.0662,0.04773,-0.04294,-0.0662,0.02783,-0.05127,-0.0662,-0.002811,-0.03998,-0.0662,-0.0325,-0.0134,-0.0662,-0.0499,0.01643,-0.07025,-0.04337,0.03857,-0.0703,-0.0255,0.04605,-0.0703,0.001957,0.03595,-0.0703,0.02855,0.01213,-0.0703,0.04413,-0.01628,-0.0703,0.04272,-0.03845,-0.0703,0.0249,-0.04593,-0.0703,-0.00255,-0.0358,-0.0703,-0.02914,-0.012,-0.0703,-0.0447,0.01452,-0.07385,-0.03827,0.03546,-0.07385,-0.02008,0.03992,-0.07385,0.007305,0.0257,-0.07385,0.03114,-0.0005035,-0.07385,0.04025,-0.02644,-0.07385,0.03041,-0.03998,-0.07385,0.006184,-0.03476,-0.07385,-0.02107,-0.01327,-0.07385,-0.0386,0.01252,-0.07684,-0.03308,0.03195,-0.07684,-0.01463,0.03275,-0.07684,0.01212,0.0144,-0.07684,0.03162,-0.01236,-0.07684,0.0324,-0.03183,-0.07684,0.01404,-0.03262,-0.07684,-0.01272,-0.01427,-0.07684,-0.0322,0.01051,-0.07935,-0.02779,0.02795,-0.07935,-0.00923,0.02444,-0.07935,0.01595,0.002573,-0.07935,0.02888,-0.0212,-0.07935,0.01987,-0.02895,-0.07935,-0.00435,-0.014854,-0.07935,-0.02551,0.00847,-0.08136,-0.02242,0.02365,-0.08124,-0.0041,0.01515,-0.08124,0.01822,-0.00843,-0.08124,0.02203,-0.02351,-0.08124,0.003506,-0.015015,-0.08124,-0.01881,0.0064,-0.08295,-0.01697,0.01778,-0.0829,-0.003162,0.011406,-0.0829,0.01362,-0.006313,-0.0829,0.01648,-0.01765,-0.0829,0.00257,-0.01128,-0.0829,-0.014206,0.004322,-0.0841,-0.011475,0.01193,-0.08405,-0.002216,0.007664,-0.08405,0.009026,-0.004208,-0.08405,0.01095,-0.01181,-0.08405,0.00162,-0.007526,-0.08405,-0.00962,0.002247,-0.0848,-0.005978,0.006092,-0.0847,-0.001241,0.003918,-0.0847,0.004444,-0.002104,-0.0847,0.00542,-0.005974,-0.0847,0.0006843,-0.003794,-0.0847,-0.00503,5.52e-05,-0.0849,-0.0003257
-0.08044,-0.004948,0.0005774,-0.07263,-0.005486,-0.03098,-0.05432,-0.005013,-0.0589,-0.02586,-0.00502,-0.07587,0.007175,-0.005016,-0.0797,0.03894,-0.00502,-0.06976,0.06396,-0.005016,-0.0478,0.07776,-0.005074,-0.01747,0.0782,-0.005024,0.0157,0.06494,-0.00502,0.04623,0.04028,-0.00502,0.06866,0.00896,-0.00502,0.0794,-0.02415,-0.00502,0.0763,-0.05316,-0.00502,0.05997,-0.073,-0.00502,0.0333,-0.0761,-0.0308,-0.0002792,-0.0694,-0.03085,-0.03105,-0.0511,-0.03085,-0.05655,-0.02383,-0.03085,-0.0723,0.00747,-0.03085,-0.0756,0.0374,-0.03085,-0.0659,0.06082,-0.03085,-0.04486,0.0736,-0.03087,-0.01608,0.07367,-0.03085,0.01537,0.06088,-0.03085,0.04413,0.03775,-0.03091,0.06537,0.00757,-0.03085,0.07495,-0.02374,-0.03085,0.0717,-0.05103,-0.03085,0.05597,-0.0695,-0.03085,0.0305,-0.0716,-0.0414,-0.000282,-0.06445,-0.04147,-0.03117,-0.04483,-0.04147,-0.05597,-0.01628,-0.04147,-0.0697,0.0154,-0.04147,-0.06976,0.04395,-0.04147,-0.05603,0.0637,-0.04147,-0.03125,0.0708,-0.04147,-0.0003679,0.0638,-0.04147,0.03053,0.04404,-0.04147,0.0553,0.01576,-0.0416,0.0693,-0.01619,-0.04147,0.0691,-0.04477,-0.04147,0.05536,-0.0645,-0.04147,0.03061,-0.0669,-0.0494,-0.000285,-0.05927,-0.04947,-0.0312,-0.0382,-0.04947,-0.05502,-0.00845,-0.04947,-0.06635,0.02315,-0.04947,-0.0625,0.04935,-0.04947,-0.04446,0.06415,-0.04947,-0.01628,0.0642,-0.04947,0.01555,0.0494,-0.04947,0.04373,0.02322,-0.04947,0.06183,-0.00811,-0.04965,0.066,-0.03812,-0.04947,0.05444,-0.05927,-0.04947,0.03061,-0.06204,-0.05597,-0.0002868,-0.05377,-0.056,-0.03111,-0.03123,-0.056,-0.05368,-0.000436,-0.056,-0.06195,0.03038,-0.056,-0.0537,0.05295,-0.056,-0.03117,0.06122,-0.056,-0.0003622,0.05298,-0.056,0.03046,0.03044,-0.056,0.053,-0.0003495,-0.056,0.0613,-0.03096,-0.05624,0.05328,-0.05374,-0.056,0.03053,-0.05698,-0.06152,-0.0002842,-0.048,-0.06155,-0.03088,-0.02393,-0.06155,-0.05176,0.007618,-0.06155,-0.05634,0.03662,-0.06155,-0.0431,0.05386,-0.06155,-0.0163,0.0539,-0.06155,0.01558,0.03668,-0.06155,0.0424,0.007687,-0.06155,0.05566,-0.02386,-0.06155,0.05115,-0.04785,-0.06177,0.0304,-0.0518,-0.0663,-0.0002933,-0.04196,-0.06635,-0.03049,-0.0163,-0.06635,-0.04916,0.01544,-0.06635,-0.0492,0.04114,-0.06635,-0.03055,0.05096,-0.06635,-0.000356,0.04117,-0.06635,0.02985,0.0155,-0.06635,0.04852,-0.01624,-0.06635,0.04852,-0.04193,-0.06635,0.02989,-0.04645,-0.0704,-0.0002966,-0.03766,-0.07043,-0.02734,-0.01465,-0.07043,-0.04407,0.013794,-0.07043,-0.0441,0.0368,-0.07043,-0.02739,0.04562,-0.07043,-0.0003529,0.03683,-0.07043,0.0267,0.01385,-0.07043,0.04343,-0.014595,-0.07043,0.04346,-0.0376,-0.07043,0.02675,-0.04102,-0.0739,-0.000286,-0.03146,-0.074,-0.02637,-0.007465,-0.074,-0.04025,0.01985,-0.074,-0.03546,0.0377,-0.074,-0.01421,0.03772,-0.074,0.01352,0.0199,-0.074,0.0348,-0.007416,-0.074,0.0396,-0.03143,-0.074,0.02576,-0.03546,-0.07697,-0.0002973,-0.02513,-0.07697,-0.02502,-0.0004199,-0.07697,-0.03528,0.0243,-0.07697,-0.02505,0.03458,-0.07697,-0.0003462,0.02434,-0.07697,0.02438,-0.0003774,-0.07697,0.03464,-0.0251,-0.07697,0.02441,-0.02982,-0.07947,-0.0003042,-0.01868,-0.07947,-0.02321,0.0061,-0.07947,-0.02888,0.02597,-0.07947,-0.01305,0.02599,-0.07947,0.01237,0.006134,-0.07947,0.02821,-0.01865,-0.07947,0.02258,-0.02406,-0.0815,-0.0003057,-0.012375,-0.08136,-0.02098,0.011505,-0.08136,-0.02103,0.02348,-0.08136,-0.0003653,0.01157,-0.08136,0.02032,-0.01231,-0.08136,0.02037,-0.01825,-0.08307,-0.00031,-0.009384,-0.083,-0.01585,0.00856,-0.083,-0.01587,0.01755,-0.083,-0.0003424,0.00858,-0.083,0.015205,-0.00935,-0.083,0.01522,-0.01238,-0.08417,-0.00031,-0.00643,-0.0841,-0.010735,0.005596,-0.0841,-0.01074,0.01161,-0.0841,-0.0003378,0.005615,-0.0841,0.01008,-0.006405,-0.0841,0.01009,-0.0065,-0.08484,-0.0003006,-0.003498,-0.0848,-0.005608,0.002615,-0.08484,-0.005627,0.00569,-0.08484,-0.0003436,0.002647,-0.08484,0.00495,-0.00346,-0.0848,0.004974,-0.0004265,-0.08496,-0.0003312
0.0714,-0.00445,0.03622,0.05032,-0.004982,0.06216,0.02075,-0.0049,0.07733,-0.01249,-0.0049,0.0791,-0.04355,-0.0049,0.0672,-0.0658,-0.005337,0.0435,-0.0781,-0.005898,0.01198,-0.0773,-0.0049,-0.0207,-0.0622,-0.0049,-0.05035,-0.03632,-0.0049,-0.0713,-0.004147,-0.0049,-0.0799,0.0287,-0.0049,-0.0747,0.0566,-0.0049,-0.05658,0.07434,-0.005154,-0.02873,0.0789,-0.00541,0.003157,0.0676,-0.03036,0.0345,0.04776,-0.03049,0.059,0.01967,-0.03049,0.0733,-0.011826,-0.03049,0.07495,-0.04126,-0.03049,0.0637,-0.0633,-0.03049,0.0414,-0.0749,-0.03049,0.011955,-0.07324,-0.03049,-0.01955,-0.05896,-0.03049,-0.04767,-0.03445,-0.03049,-0.0675,-0.003937,-0.03047,-0.0756,0.02718,-0.03049,-0.07074,0.05362,-0.03049,-0.0536,0.0708,-0.03049,-0.02715,0.07574,-0.0305,0.003975,0.0636,-0.041,0.03244,0.04324,-0.0411,0.0568,0.01434,-0.0411,0.06995,-0.0174,-0.0411,0.0692,-0.0457,-0.0411,0.05484,-0.0649,-0.04117,0.02953,-0.0713,-0.0411,-0.001524,-0.06354,-0.0411,-0.03232,-0.0432,-0.0411,-0.05667,-0.01431,-0.0411,-0.0698,0.01744,-0.04108,-0.0691,0.04572,-0.0411,-0.05472,0.06494,-0.0411,-0.02946,0.07135,-0.0411,0.001638,0.05942,-0.04898,0.0303,0.03854,-0.0491,0.0544,0.008865,-0.0491,0.0661,-0.02284,-0.0491,0.0626,-0.0493,-0.0491,0.04483,-0.06445,-0.0491,0.0168,-0.0649,-0.0491,-0.01508,-0.0504,-0.0491,-0.04352,-0.02438,-0.0491,-0.06195,0.00723,-0.0491,-0.06616,0.03717,-0.04907,-0.0552,0.05862,-0.0491,-0.03162,0.06665,-0.0491,-0.0007668,0.05505,-0.05554,0.02808,0.03366,-0.05563,0.05182,0.003263,-0.05563,0.0617,-0.02798,-0.05563,0.05508,-0.05176,-0.05563,0.0337,-0.06165,-0.05563,0.003307,-0.055,-0.05563,-0.02795,-0.03363,-0.05563,-0.0517,-0.003237,-0.05563,-0.06158,0.02803,-0.05563,-0.05496,0.05176,-0.05563,-0.03357,0.06165,-0.05563,-0.003187,0.05057,-0.0611,0.02579,0.0286,-0.0612,0.04898,-0.002396,-0.0612,0.05667,-0.03262,-0.0612,0.0464,-0.0525,-0.0612,0.0214,-0.0557,-0.0612,-0.01038,-0.0412,-0.0612,-0.03885,-0.013626,-0.0612,-0.05496,0.01828,-0.0612,-0.0536,0.04437,-0.0612,-0.0352,0.0564,-0.06116,-0.0056,0.0459,-0.06586,0.02342,0.02339,-0.066,0.0459,-0.00802,-0.066,0.05087,-0.03638,-0.066,0.03647,-0.0508,-0.066,0.008125,-0.04584,-0.066,-0.02328,-0.02336,-0.066,-0.04578,0.00805,-0.066,-0.05078,0.03638,-0.066,-0.03635,0.05084,-0.066,-0.008,0.04114,-0.06995,0.021,0.02095,-0.07007,0.04114,-0.007183,-0.07007,0.0456,-0.0326,-0.07007,0.03268,-0.04553,-0.07007,0.007286,-0.04108,-0.07007,-0.02086,-0.02094,-0.07007,-0.04102,0.00721,-0.07007,-0.04547,0.0326,-0.07007,-0.03256,0.04553,-0.07007,-0.007164,0.03632,-0.07355,0.01854,0.0159,-0.0736,0.03745,-0.011856,-0.0736,0.0389,-0.03406,-0.0736,0.0222,-0.0403,-0.0736,-0.00488,-0.02771,-0.0736,-0.02965,-0.002127,-0.0736,-0.0405,0.02444,-0.0736,-0.03238,0.03958,-0.0736,-0.00909,0.03134,-0.07654,0.01602,0.01085,-0.0766,0.03336,-0.01588,-0.0766,0.03128,-0.0333,-0.0766,0.010895,-0.0312,-0.0766,-0.01584,-0.010826,-0.0766,-0.03326,0.0159,-0.0766,-0.03116,0.03333,-0.0766,-0.01077,0.02629,-0.07904,0.01344,0.00591,-0.0791,0.0288,-0.01878,-0.0791,0.02258,-0.02933,-0.0791,-0.000591,-0.01778,-0.0791,-0.02328,0.00717,-0.0791,-0.0284,0.02672,-0.0791,-0.01208,0.02116,-0.08105,0.01083,0.001267,-0.081,0.02394,-0.02005,-0.081,0.013084,-0.0213,-0.081,-0.0108,-0.001241,-0.081,-0.02383,0.02008,-0.081,-0.01297,0.01598,-0.08264,0.00818,0.000961,-0.08264,0.018,-0.01506,-0.08264,0.00985,-0.016,-0.08264,-0.0081,-0.000934,-0.08264,-0.0179,0.01508,-0.08264,-0.009735,0.01073,-0.08374,0.00553,0.0006466,-0.08374,0.01208,-0.01009,-0.08374,0.00662,-0.01072,-0.08374,-0.005413,-0.0006175,-0.08374,-0.01197,0.01011,-0.08374,-0.006496,0.005493,-0.0844,0.002844,0.0003116,-0.08453,0.00616,-0.005127,-0.0845,0.003387,-0.005447,-0.0845,-0.002728,-0.0003097,-0.0845,-0.006054,0.005127,-0.08453,-0.003284,8.464e-05,-0.08453,9.81e-05
0.0679,-0.004375,-0.0426,0.0793,-0.004738,-0.01123,0.077,-0.004738,0.022,0.0614,-0.004738,0.05142,0.03516,-0.004738,0.07196,0.00286,-0.004738,0.08,-0.02994,-0.004738,0.0743,-0.05756,-0.004738,0.05566,-0.07526,-0.004738,0.02744,-0.0799,-0.004738,-0.005535,-0.0707,-0.004738,-0.03757,-0.04935,-0.004734,-0.0631,-0.01944,-0.004734,-0.07776,0.01385,-0.004738,-0.0789,0.04474,-0.004738,-0.06647,0.06445,-0.03027,-0.04028,0.0752,-0.03026,-0.010635,0.07294,-0.03026,0.02084,0.0581,-0.03024,0.04868,0.03323,-0.03026,0.06805,0.002588,-0.03027,0.0757,-0.02849,-0.03027,0.0702,-0.05463,-0.03026,0.0525,-0.0713,-0.03026,0.0257,-0.0757,-0.03026,-0.005558,-0.06683,-0.03026,-0.0359,-0.0466,-0.03026,-0.06003,-0.01823,-0.03027,-0.0738,0.01332,-0.03026,-0.0749,0.04257,-0.03026,-0.06305,0.06064,-0.0409,-0.0379,0.071,-0.04086,-0.0079,0.0673,-0.04086,0.02365,0.05032,-0.04086,0.05045,0.02335,-0.04086,0.06726,-0.00822,-0.0409,0.07074,-0.03818,-0.0409,0.06012,-0.06055,-0.0409,0.0376,-0.0709,-0.0409,0.007557,-0.06726,-0.0409,-0.02399,-0.0502,-0.04086,-0.05084,-0.0233,-0.0409,-0.06757,0.00831,-0.0409,-0.07104,0.03824,-0.0409,-0.06046,0.0566,-0.0489,-0.0354,0.0665,-0.04886,-0.0051,0.0612,-0.04886,0.02635,0.04187,-0.04886,0.05173,0.01293,-0.04886,0.06525,-0.01894,-0.04886,0.0637,-0.04648,-0.04886,0.0476,-0.06335,-0.04886,0.02052,-0.0657,-0.04886,-0.0113,-0.053,-0.04886,-0.04056,-0.02814,-0.0489,-0.06058,0.003162,-0.04886,-0.0668,0.03375,-0.04886,-0.05768,0.05246,-0.05545,-0.03284,0.06177,-0.05542,-0.002249,0.05453,-0.05542,0.02887,0.0327,-0.05542,0.05225,0.002111,-0.05542,0.06158,-0.02904,-0.05542,0.05435,-0.0524,-0.05542,0.0325,-0.0617,-0.05542,0.00191,-0.05447,-0.05542,-0.02924,-0.03265,-0.05542,-0.05258,-0.002052,-0.05545,-0.06192,0.0291,-0.05542,-0.0547,0.04816,-0.061,-0.03015,0.05673,-0.06097,0.000619,0.0473,-0.06097,0.03113,0.02287,-0.06097,0.05173,-0.00882,-0.06097,0.05585,-0.0377,-0.06097,0.04218,-0.0546,-0.06097,0.01505,-0.05414,-0.06097,-0.0169,-0.0365,-0.06097,-0.04355,-0.00726,-0.06097,-0.0564,0.02429,-0.06104,-0.05142,0.04373,-0.06573,-0.02739,0.0514,-0.06573,0.003473,0.03943,-0.06573,0.033,0.012436,-0.06573,0.0498,-0.01932,-0.06573,0.04755,-0.04367,-0.06573,0.02707,-0.05133,-0.06573,-0.003824,-0.03937,-0.06573,-0.03333,-0.01235,-0.06573,-0.05014,0.0194,-0.06573,-0.04788,0.03918,-0.0699,-0.02455,0.04605,-0.0698,0.0031,0.03534,-0.0698,0.02954,0.01115,-0.0698,0.04462,-0.0173,-0.0698,0.0426,-0.03912,-0.0698,0.02423,-0.046,-0.0698,-0.003443,-0.03525,-0.0698,-0.02986,-0.01106,-0.0698,-0.04495,0.01738,-0.0698,-0.0429,0.03458,-0.0734,-0.02168,0.04028,-0.07336,0.005535,0.02719,-0.07336,0.03008,0.001406,-0.07336,0.04047,-0.02502,-0.07336,0.03183,-0.03973,-0.07336,0.00823,-0.03583,-0.07336,-0.01929,-0.01514,-0.07336,-0.03787,0.01265,-0.07336,-0.03882,0.02985,-0.0764,-0.01874,0.03418,-0.07635,0.007755,0.01857,-0.07635,0.02959,-0.00789,-0.07635,0.03397,-0.02971,-0.07635,0.01837,-0.0341,-0.07635,-0.008095,-0.0185,-0.07635,-0.0299,0.00797,-0.07635,-0.0343,0.02504,-0.0789,-0.01573,0.02771,-0.07886,0.00963,0.00963,-0.07886,0.02759,-0.01567,-0.07886,0.02463,-0.02914,-0.07886,0.003012,-0.02063,-0.07886,-0.021,0.003439,-0.07886,-0.02933,0.02013,-0.08093,-0.01269,0.02115,-0.08075,0.0111,0.0008383,-0.08075,0.02374,-0.02026,-0.08075,0.01248,-0.02107,-0.08075,-0.01143,-0.0007563,-0.08075,-0.02408,0.01519,-0.0825,-0.0096,0.01591,-0.0824,0.008286,0.0006466,-0.0824,0.0178,-0.01522,-0.0824,0.009346,-0.01582,-0.0824,-0.00862,-0.0005646,-0.0824,-0.01813,0.0102,-0.0836,-0.006496,0.01067,-0.08356,0.005505,0.0004494,-0.08356,0.01188,-0.010185,-0.08356,0.00621,-0.01059,-0.08356,-0.00583,-0.0003657,-0.08356,-0.01221,0.005215,-0.0843,-0.003378,0.00542,-0.0842,0.002745,0.0002142,-0.0842,0.00595,-0.005157,-0.0842,0.00305,-0.005352,-0.0842,-0.003044,-0.0001779,-0.0842,-0.006275,6.68e-05,-0.0844,-0.0001725
0.07056,-0.004833,-0.03775,0.0798,-0.004925,-0.005646,0.0751,-0.004925,0.0273,0.05734,-0.00492,0.05548,0.02972,-0.004925,0.07404,-0.003061,-0.004925,0.0797,-0.0353,-0.004925,0.0716,-0.0615,-0.004925,0.05106,-0.077,-0.004925,0.02162,-0.0793,-0.00492,-0.01158,-0.0679,-0.00493,-0.0428,-0.04462,-0.004925,-0.0667,-0.013596,-0.004986,-0.07886,0.01947,-0.004925,-0.0778,0.04932,-0.004925,-0.0632,0.0668,-0.03072,-0.03595,0.0754,-0.03065,-0.00564,0.07086,-0.03065,0.02553,0.0541,-0.03065,0.0522,0.02792,-0.03065,0.0697,-0.00311,-0.03065,0.0751,-0.03366,-0.03065,0.0674,-0.0584,-0.03065,0.0479,-0.0731,-0.03065,0.02003,-0.0752,-0.03065,-0.01138,-0.0643,-0.03064,-0.04095,-0.0424,-0.03065,-0.06354,-0.01313,-0.03065,-0.07526,0.01834,-0.03065,-0.07404,0.0466,-0.03065,-0.06015,0.06274,-0.04132,-0.03384,0.071,-0.04126,-0.003212,0.06506,-0.04126,0.02794,0.0462,-0.04126,0.05344,0.01816,-0.04126,0.06824,-0.01352,-0.04126,0.0694,-0.04257,-0.04126,0.05667,-0.06323,-0.04126,0.03265,-0.0714,-0.04126,0.00201,-0.0655,-0.04126,-0.02913,-0.0466,-0.04126,-0.05463,-0.01862,-0.04126,-0.0694,0.01307,-0.04126,-0.07056,0.0421,-0.04126,-0.0579,0.0586,-0.04932,-0.03165,0.0663,-0.04926,-0.000743,0.05875,-0.04926,0.0302,0.0377,-0.04926,0.05408,0.00794,-0.04926,0.0654,-0.02368,-0.04926,0.06168,-0.04993,-0.04926,0.04364,-0.0648,-0.04926,0.01546,-0.0649,-0.04926,-0.01639,-0.0501,-0.04926,-0.04462,-0.0239,-0.04922,-0.06274,0.007656,-0.04926,-0.06665,0.03745,-0.04926,-0.05545,0.0543,-0.05588,-0.02936,0.06137,-0.05582,0.00175,0.05194,-0.05582,0.03223,0.02855,-0.05582,0.05392,-0.002573,-0.05582,0.061,-0.03305,-0.05582,0.05157,-0.05475,-0.05582,0.02817,-0.06183,-0.05582,-0.002953,-0.0524,-0.05582,-0.03345,-0.02899,-0.05582,-0.0551,0.002163,-0.0558,-0.0622,0.03262,-0.05582,-0.05276,0.0498,-0.06143,-0.027,0.05618,-0.06137,0.004246,0.0446,-0.06137,0.03397,0.0188,-0.06137,0.0527,-0.01305,-0.06137,0.05453,-0.0408,-0.06137,0.03885,-0.0557,-0.06137,0.010635,-0.05295,-0.06137,-0.02113,-0.03348,-0.06137,-0.0464,-0.00345,-0.06137,-0.0571,0.02762,-0.06134,-0.0499,0.0452,-0.06616,-0.02457,0.05066,-0.0661,0.006718,0.03662,-0.0661,0.03522,0.00854,-0.0661,0.05005,-0.0229,-0.0661,0.0455,-0.0457,-0.0661,0.02338,-0.0511,-0.0661,-0.00792,-0.03708,-0.0661,-0.0364,-0.00898,-0.0661,-0.05124,0.02246,-0.0661,-0.04672,0.04047,-0.0703,-0.02206,0.04535,-0.07025,0.005955,0.0328,-0.07025,0.0315,0.007626,-0.07025,0.04477,-0.02054,-0.07025,0.0407,-0.04095,-0.07025,0.02089,-0.0458,-0.07025,-0.007156,-0.03323,-0.07025,-0.03268,-0.00807,-0.07025,-0.04596,0.0201,-0.07025,-0.04193,0.03568,-0.07385,-0.01953,0.03943,-0.0737,0.007965,0.02464,-0.0737,0.03143,-0.00177,-0.0737,0.03995,-0.02747,-0.0737,0.02946,-0.0404,-0.0737,0.004913,-0.03455,-0.0737,-0.0222,-0.012634,-0.0737,-0.0392,0.01509,-0.0737,-0.03818,0.03075,-0.07684,-0.01695,0.0332,-0.0767,0.009735,0.0161,-0.0767,0.03033,-0.01056,-0.0767,0.0328,-0.03116,-0.0767,0.01572,-0.03363,-0.0767,-0.01093,-0.01654,-0.0767,-0.03152,0.01011,-0.0767,-0.03403,0.02574,-0.07935,-0.0143,0.02663,-0.0792,0.01114,0.00734,-0.0792,0.02771,-0.01764,-0.0792,0.02296,-0.0295,-0.0792,0.000473,-0.01932,-0.0792,-0.02283,0.005245,-0.0792,-0.02939,0.02065,-0.08136,-0.01161,0.01999,-0.0812,0.01212,-0.001133,-0.0812,0.02327,-0.02135,-0.0812,0.010544,-0.02043,-0.0812,-0.01332,0.000686,-0.0812,-0.02448,0.015495,-0.08295,-0.008896,0.01497,-0.08276,0.00896,-0.0009055,-0.08276,0.01733,-0.0161,-0.08276,0.007774,-0.01541,-0.08276,-0.01016,0.000459,-0.08276,-0.01854,0.0103,-0.08405,-0.006153,0.009964,-0.0839,0.005802,-0.000676,-0.0839,0.01142,-0.01086,-0.0839,0.005013,-0.0104,-0.0839,-0.007008,0.0002388,-0.0839,-0.01262,0.005096,-0.0848,-0.003412,0.004955,-0.08466,0.002659,-0.0004528,-0.08466,0.005505,-0.00563,-0.08466,0.002247,-0.005386,-0.08466,-0.003859,6.85e-06,-0.08466,-0.006714,-0.0002618,-0.0849,-0.0005736
-0.05893,-0.00489,0.05438,-0.0758,-0.004982,0.02592,-0.07983,-0.005173,-0.00701,-0.0699,-0.00519,-0.03882,-0.04843,-0.005325,-0.0639,-0.0179,-0.00503,-0.0779,0.0151,-0.004955,-0.0786,0.04575,-0.004955,-0.06555,0.06836,-0.004955,-0.04132,0.0793,-0.004944,-0.0099,0.0762,-0.004955,0.02332,0.0601,-0.004955,0.0524,0.03354,-0.004955,0.0724,0.001154,-0.004955,0.0799,-0.0315,-0.004955,0.07355,-0.05563,-0.03073,0.05148,-0.07196,-0.03067,0.02457,-0.0759,-0.03067,-0.006664,-0.06683,-0.0307,-0.0368,-0.04626,-0.03067,-0.06064,-0.01779,-0.0307,-0.07404,0.013695,-0.03067,-0.0747,0.04272,-0.03067,-0.06256,0.0643,-0.03069,-0.03958,0.07465,-0.03069,-0.009865,0.0719,-0.03065,0.02153,0.05685,-0.03067,0.0491,0.0318,-0.03067,0.0681,0.0011425,-0.03067,0.0753,-0.02979,-0.03067,0.06946,-0.05234,-0.04135,0.0484,-0.06836,-0.0413,0.02106,-0.0709,-0.0413,-0.01052,-0.05954,-0.0413,-0.0401,-0.03647,-0.0413,-0.0618,-0.006237,-0.0413,-0.07135,0.02513,-0.0413,-0.0668,0.05142,-0.0413,-0.0491,0.06744,-0.0413,-0.02177,0.07,-0.0413,0.00981,0.05847,-0.04126,0.0394,0.03552,-0.0413,0.0611,0.005302,-0.0413,0.0706,-0.02606,-0.0413,0.0661,-0.04892,-0.04932,0.04517,-0.0645,-0.0493,0.01744,-0.0655,-0.0493,-0.014366,-0.0515,-0.0493,-0.04297,-0.02586,-0.0493,-0.06183,0.005608,-0.0493,-0.0666,0.03568,-0.0493,-0.05618,0.0575,-0.0493,-0.033,0.066,-0.0493,-0.002306,0.0593,-0.0493,0.02881,0.0388,-0.04922,0.05325,0.009476,-0.0493,0.06537,-0.02222,-0.0493,0.0625,-0.04535,-0.05588,0.04184,-0.06046,-0.05585,0.01373,-0.05945,-0.05585,-0.01814,-0.04266,-0.05585,-0.04526,-0.01456,-0.05585,-0.06033,0.01732,-0.05585,-0.05936,0.04443,-0.05585,-0.04254,0.0595,-0.05585,-0.01445,0.05853,-0.05585,0.01744,0.04172,-0.05585,0.04456,0.013535,-0.05576,0.05963,-0.01826,-0.05585,0.05862,-0.0417,-0.06143,0.03836,-0.0561,-0.06137,0.00994,-0.05283,-0.06137,-0.02176,-0.03296,-0.06137,-0.04666,-0.002747,-0.06137,-0.0569,0.02817,-0.06137,-0.04913,0.05,-0.06137,-0.02591,0.05582,-0.06137,0.005432,0.04373,-0.06137,0.03494,0.01764,-0.06137,0.05322,-0.01424,-0.06134,0.0545,-0.03787,-0.06616,0.0348,-0.05142,-0.06616,0.0061,-0.04547,-0.06616,-0.02509,-0.02235,-0.06616,-0.0468,0.00914,-0.06616,-0.0508,0.03696,-0.06616,-0.03552,0.05048,-0.06616,-0.00681,0.04456,-0.06616,0.02437,0.02142,-0.06616,0.0461,-0.01008,-0.06616,0.0501,-0.034,-0.0703,0.03114,-0.0461,-0.07025,0.00543,-0.0408,-0.07025,-0.0225,-0.02008,-0.07025,-0.042,0.00814,-0.07025,-0.04556,0.03308,-0.07025,-0.03186,0.0452,-0.07025,-0.006138,0.03986,-0.07025,0.0218,0.01913,-0.07025,0.04126,-0.00908,-0.07025,0.04486,-0.03004,-0.07385,0.02742,-0.04095,-0.0738,0.001921,-0.03293,-0.0738,-0.02463,-0.00974,-0.0738,-0.03983,0.0178,-0.0738,-0.03656,0.0368,-0.0738,-0.01634,0.03836,-0.0738,0.01135,0.02174,-0.0738,0.03357,-0.005257,-0.0738,0.03992,-0.026,-0.07684,0.02364,-0.0354,-0.0768,-0.001442,-0.02441,-0.0768,-0.02583,0.0006194,-0.0768,-0.0353,0.02501,-0.0768,-0.02429,0.0345,-0.0768,0.0007305,0.02347,-0.0768,0.02512,-0.0015545,-0.0768,0.03458,-0.02187,-0.07935,0.01974,-0.02945,-0.0793,-0.004536,-0.01527,-0.0793,-0.02562,0.010056,-0.0793,-0.02768,0.02747,-0.0793,-0.00916,0.02383,-0.0793,0.01599,0.0019045,-0.0793,0.02882,-0.01768,-0.08136,0.01581,-0.02332,-0.0812,-0.007267,-0.005905,-0.0812,-0.0236,0.01695,-0.0812,-0.0167,0.02238,-0.0812,0.006557,0.00497,-0.0812,0.02289,-0.013435,-0.08295,0.01183,-0.01764,-0.0828,-0.005535,-0.00457,-0.0828,-0.01782,0.01261,-0.0828,-0.01264,0.01671,-0.0828,0.004826,0.003635,-0.0828,0.0171,-0.00916,-0.08405,0.007812,-0.01198,-0.0839,-0.003822,-0.003222,-0.0839,-0.01206,0.00829,-0.0839,-0.00859,0.01104,-0.0839,0.003119,0.002277,-0.0839,0.01135,-0.004906,-0.0847,0.003778,-0.00631,-0.08466,-0.00214,-0.00185,-0.08466,-0.006306,0.004005,-0.08466,-0.00452,0.005367,-0.08466,0.001447,0.0008993,-0.08466,0.0056,-0.000475,-0.08484,-0.0003476
-0.001866,-0.00537,0.0795,-0.03452,-0.005085,0.072,-0.06088,-0.005085,0.0517,-0.0767,-0.005085,0.02243,-0.07935,-0.005077,-0.01084,-0.0683,-0.005116,-0.042,-0.0451,-0.005104,-0.0658,-0.01444,-0.00562,-0.07733,0.02104,-0.004993,-0.0757,0.049,-0.005505,-0.0632,0.0705,-0.005085,-0.03857,0.0797,-0.00508,-0.006344,0.07544,-0.005085,0.02664,0.05798,-0.005085,0.05496,0.03055,-0.005085,0.07367,0.00010896,-0.03113,0.0751,-0.03072,-0.03105,0.06866,-0.05624,-0.03105,0.05023,-0.0721,-0.03105,0.02301,-0.07544,-0.03107,-0.00823,-0.0658,-0.03107,-0.03824,-0.0445,-0.03108,-0.0616,-0.016,-0.0315,-0.07434,0.0159,-0.03104,-0.07404,0.04428,-0.03105,-0.0619,0.0648,-0.03088,-0.03787,0.07513,-0.03105,-0.00873,0.07196,-0.03105,0.02257,0.0563,-0.03105,0.04987,0.03088,-0.03105,0.0685,9.37e-05,-0.04175,0.07056,-0.03082,-0.04166,0.06366,-0.05566,-0.04166,0.04395,-0.0695,-0.04166,0.01545,-0.0696,-0.0417,-0.0162,-0.05594,-0.0417,-0.04477,-0.03108,-0.04166,-0.06464,-0.0003934,-0.04178,-0.0716,0.03076,-0.04166,-0.0646,0.05542,-0.04166,-0.04517,0.0686,-0.04132,-0.01585,0.06934,-0.04166,0.01506,0.0557,-0.04166,0.0436,0.03096,-0.04166,0.0635,7.84e-05,-0.04974,0.06586,-0.03085,-0.04965,0.05838,-0.05475,-0.04965,0.03735,-0.06616,-0.04965,0.007607,-0.06238,-0.04965,-0.02399,-0.0443,-0.04965,-0.0502,-0.01622,-0.04965,-0.0651,0.01569,-0.04962,-0.065,0.04382,-0.04965,-0.05054,0.06198,-0.04965,-0.02435,0.0652,-0.04916,0.00795,0.05472,-0.04965,0.03705,0.03096,-0.04965,0.0582,6.133e-05,-0.0563,0.061,-0.03078,-0.0562,0.05286,-0.0534,-0.0562,0.03036,-0.06177,-0.0562,-0.0004208,-0.0536,-0.0562,-0.03125,-0.031,-0.05618,-0.05386,-0.0003011,-0.0562,-0.0622,0.0306,-0.05618,-0.054,0.05316,-0.0562,-0.0316,0.0615,-0.0562,-0.000769,0.05267,-0.05554,0.03062,0.03082,-0.0562,0.0527,3.064e-05,-0.06183,0.05594,-0.03058,-0.06177,0.0471,-0.0515,-0.06177,0.02306,-0.05615,-0.06177,-0.00849,-0.043,-0.06177,-0.03754,-0.01624,-0.06174,-0.05484,0.01563,-0.0618,-0.05484,0.0425,-0.06177,-0.03778,0.05585,-0.06177,-0.008835,0.0514,-0.06177,0.02275,0.0303,-0.06116,0.0472,3.06e-05,-0.0666,0.05072,-0.0302,-0.0665,0.04105,-0.04895,-0.0665,0.01541,-0.04904,-0.0665,-0.01633,-0.03046,-0.0665,-0.04205,-0.000288,-0.0665,-0.05197,0.02994,-0.0665,-0.04224,0.04868,-0.0665,-0.01663,0.04877,-0.0665,0.015114,0.0302,-0.0665,0.04086,1.377e-05,-0.0707,0.04538,-0.02707,-0.0706,0.0367,-0.04385,-0.0706,0.01375,-0.04395,-0.0706,-0.0147,-0.0273,-0.0706,-0.03775,-0.0002718,-0.0706,-0.04663,0.02681,-0.0706,-0.03793,0.0436,-0.0706,-0.01497,0.0437,-0.0706,0.01347,0.02704,-0.0706,0.03653,-2.97e-05,-0.0742,0.03998,-0.02611,-0.07416,0.03053,-0.04004,-0.07416,0.006554,-0.0353,-0.07416,-0.02078,-0.014114,-0.07416,-0.03867,0.01362,-0.07416,-0.03876,0.03494,-0.07416,-0.021,0.03983,-0.07416,0.006306,0.02603,-0.07416,0.03038,-3.403e-05,-0.0773,0.03442,-0.02478,-0.07715,0.02419,-0.0351,-0.07715,-0.0005035,-0.02493,-0.07715,-0.02525,-0.0002378,-0.07715,-0.03558,0.02452,-0.07715,-0.02542,0.03485,-0.07715,-0.0007195,0.02467,-0.07715,0.02403,-4.85e-05,-0.0798,0.02875,-0.02298,-0.07965,0.01772,-0.0287,-0.07965,-0.007042,-0.01292,-0.07965,-0.02696,0.0125,-0.07965,-0.02704,0.02841,-0.07965,-0.007217,0.02283,-0.07965,0.01758,-7.004e-05,-0.0818,0.023,-0.02081,-0.08154,0.011345,-0.02083,-0.08154,-0.01255,-0.0001435,-0.08154,-0.0245,0.02055,-0.08154,-0.01257,0.02058,-0.08154,0.01132,-8.93e-05,-0.0833,0.01718,-0.01566,-0.0832,0.0084,-0.01569,-0.0832,-0.00955,-0.0001643,-0.0832,-0.01855,0.015396,-0.0832,-0.00962,0.015434,-0.0832,0.00833,-0.0001225,-0.0844,0.0113,-0.01053,-0.0843,0.005444,-0.01056,-0.0843,-0.006596,-0.0001521,-0.08435,-0.012634,0.01028,-0.0843,-0.006638,0.0103,-0.0843,0.00539,-0.0001543,-0.08514,0.0054,-0.005463,-0.0851,0.002407,-0.0054,-0.085,-0.00369,-9.88e-05,-0.0851,-0.006718,0.005188,-0.085,-0.003632,0.00516,-0.0851,0.002493,-0.00011563,-0.0852,-0.0006876
0.00793,-0.00472,-0.08,0.04,-0.004993,-0.06934,0.0647,-0.004917,-0.0473,0.07825,-0.004917,-0.01694,0.0783,-0.004917,0.01634,0.06476,-0.004913,0.04675,0.04007,-0.004917,0.06903,0.00842,-0.004917,0.0793,-0.02467,-0.004917,0.07587,-0.0535,-0.004917,0.05923,-0.0731,-0.004917,0.03235,-0.08,-0.004913,-0.0002444,-0.07306,-0.004913,-0.0328,-0.05356,-0.00489,-0.05972,-0.02484,-0.004982,-0.0763,0.007336,-0.03062,-0.07605,0.03735,-0.03064,-0.0665,0.0609,-0.03064,-0.04562,0.0739,-0.03064,-0.01695,0.07416,-0.03064,0.01453,0.06155,-0.03064,0.0434,0.03833,-0.03064,0.06464,0.008446,-0.03064,0.0746,-0.02289,-0.03064,0.07153,-0.0503,-0.03064,0.056,-0.06903,-0.03065,0.03075,-0.07574,-0.03064,-9.93e-05,-0.06946,-0.03064,-0.03094,-0.05112,-0.03064,-0.05655,-0.02397,-0.03065,-0.0725,0.006893,-0.04126,-0.07153,0.03696,-0.04126,-0.06152,0.05972,-0.04126,-0.03946,0.0706,-0.04126,-0.00969,0.06757,-0.04126,0.02187,0.0511,-0.04126,0.04895,0.02449,-0.04126,0.0662,-0.006947,-0.04126,0.07025,-0.03702,-0.04126,0.0602,-0.05975,-0.04126,0.03812,-0.07074,-0.04126,0.00842,-0.06757,-0.04126,-0.02318,-0.05112,-0.04126,-0.05026,-0.02455,-0.04126,-0.0675,0.006435,-0.04926,-0.06683,0.03647,-0.04926,-0.05627,0.05814,-0.04926,-0.03296,0.06647,-0.04926,-0.002224,0.0596,-0.04926,0.02885,0.03903,-0.04926,0.0532,0.009544,-0.04926,0.0652,-0.02214,-0.04926,0.06207,-0.04877,-0.04926,0.04462,-0.0642,-0.04926,0.01677,-0.065,-0.04926,-0.01503,-0.05084,-0.04926,-0.04358,-0.02507,-0.04926,-0.0623,0.005962,-0.05582,-0.06198,0.03583,-0.0558,-0.05078,0.0561,-0.0558,-0.02615,0.0613,-0.0558,0.00533,0.0501,-0.0558,0.0352,0.02547,-0.0558,0.05545,-0.006012,-0.0558,0.0607,-0.0359,-0.0558,0.04947,-0.05615,-0.0558,0.02483,-0.06137,-0.0558,-0.006653,-0.05017,-0.0558,-0.0365,-0.02551,-0.0558,-0.0568,0.005474,-0.0614,-0.05698,0.03503,-0.06134,-0.04507,0.0535,-0.06134,-0.01906,0.05493,-0.06134,0.012794,0.03894,-0.06134,0.04037,0.01057,-0.06134,0.05493,-0.02116,-0.06134,0.05182,-0.04617,-0.06134,0.03207,-0.05655,-0.06134,0.001914,-0.04898,-0.06134,-0.02905,-0.02585,-0.06134,-0.051,0.004963,-0.06616,-0.05176,0.03406,-0.0661,-0.0391,0.05014,-0.0661,-0.01171,0.04706,-0.0661,0.01988,0.026,-0.0661,0.04364,-0.005016,-0.0661,0.05048,-0.03412,-0.0661,0.03778,-0.0502,-0.0661,0.01039,-0.04712,-0.0661,-0.02121,-0.02605,-0.0661,-0.04495,0.004444,-0.07025,-0.04645,0.03052,-0.0702,-0.0351,0.04492,-0.0702,-0.01057,0.04218,-0.0702,0.01775,0.02328,-0.0702,0.03903,-0.004498,-0.0702,0.04517,-0.03058,-0.0702,0.03378,-0.04498,-0.0702,0.00925,-0.0422,-0.0702,-0.01907,-0.02333,-0.0702,-0.04034,0.003925,-0.07385,-0.04105,0.02895,-0.0737,-0.02905,0.0404,-0.0737,-0.003788,0.03296,-0.0737,0.02293,0.01008,-0.0737,0.0386,-0.01753,-0.0737,0.03592,-0.03696,-0.0737,0.01611,-0.0391,-0.0737,-0.01155,-0.02295,-0.0737,-0.03412,0.003374,-0.07684,-0.0355,0.027,-0.0767,-0.02287,0.0348,-0.0767,0.002737,0.02219,-0.0767,0.02635,-0.003424,-0.0767,0.03415,-0.02704,-0.0767,0.02155,-0.03482,-0.0767,-0.00406,-0.02223,-0.0767,-0.02768,0.002823,-0.07935,-0.02986,0.02454,-0.0792,-0.01662,0.02777,-0.0792,0.0086,0.01006,-0.0792,0.02684,-0.015236,-0.0792,0.02437,-0.02908,-0.0792,0.003054,-0.02104,-0.0792,-0.02106,0.002266,-0.0814,-0.02412,0.02173,-0.0811,-0.01053,0.0194,-0.0811,0.013245,-0.002356,-0.0811,0.02312,-0.02177,-0.0811,0.00921,-0.01944,-0.0811,-0.014565,0.0017,-0.08295,-0.01833,0.01631,-0.08276,-0.00808,0.01457,-0.08276,0.00979,-0.001772,-0.08276,0.01721,-0.01637,-0.08276,0.00676,-0.01462,-0.08276,-0.0111,0.001135,-0.0841,-0.01248,0.010925,-0.0839,-0.005627,0.00976,-0.0839,0.006344,-0.001199,-0.0839,0.01132,-0.01098,-0.0839,0.004307,-0.009796,-0.0839,-0.007656,0.0005574,-0.0848,-0.006634,0.005547,-0.08466,-0.003162,0.004944,-0.08466,0.002914,-0.0006304,-0.08466,0.005436,-0.005592,-0.08466,0.001871,-0.005,-0.08466,-0.004192,-2.26e-05,-0.0849,-0.0006037
