Designator,Footprint,Quantity,Value,LCSC Part #
"C1, C7",0603-NO,2,22uF/10V(20%),C60077
"C10, C11, C12, C13",0805-NO,4,10uF,C15850
"C14, C15, C20",0603,3,22uF/10V(20%),C60077
C16,0402,1,4.7uF/6.3V(10%),C2932473
"C17, C22",0402,2,0.1uF/50V(10%)(NC),C1525
"C18, C19, C21",0402,3,0.1uF/50V(10%),C19704
C2,0805-NO,1,22uF/10V(20%),C29277
C3,0805-NO,1,4.7uF/6.3V(10%),C107124
C4,0603-NO,1,0.1uF/50V(10%)(NC),C1590
"C5, C6, C8",0603-NO,3,0.1uF/50V(10%),C1590
C9,0805-NO,1,0.1uF/50V(10%)(NC),C1711
D1,CHIPLED_0603_NOOUTLINE,1,LED,C2286
"D2, D7",0603,2,LED,C5274290
D3,LESD5D50CT1G,1,LED,C5274290
"D4, D5",LESD5D50CT1G,2,LESD5D5.0CT1G,C5274290
D6,SOD2513X120N,1,BAT760-7,C124187
FB1,0603-NO,1,ferrite,C1002
"FID1, FID2, FID3, FID4",FIDUCIAL_1MM,4,FIDUCIAL_1MM,
IC1,SOT229P700X180-4N,1,AMS1117-3.3,C6186
IC2,QFN50P500X500X80-29N-D,1,CP2102N-A01-GQFN28,C964632
J1,USB_Micro-B_Amphenol_10103594-0001LF_Horizontal,1,USB_B_Micro,C393940
JP1,1X09_ROUND_70,1,,
"LED1, LED2",LED_D5.0mm_Horizontal_O6.35mm_Z15.0mm,2,LED_D5.0mm_Horizontal_O6.35mm_Z15.0mm,
OSC1,OSC_3.2X2.5MM,1,24MHz 3.3V Oscillator,C160452
PLABEL0,PLABEL0,1,,
PLABEL1,PLABEL1,1,,
PLABEL10,PLABEL10,1,,
PLABEL11,PLABEL11,1,,
PLABEL12,PLABEL12,1,,
PLABEL13,PLABEL13,1,,
PLABEL14,PLABEL14,1,,
PLABEL15,PLABEL15,1,,
PLABEL16,PLABEL16,1,,
PLABEL17,PLABEL17,1,,
PLABEL18,PLABEL18,1,,
PLABEL19,PLABEL19,1,,
PLABEL2,PLABEL2,1,,
PLABEL20,PLABEL20,1,,
PLABEL21,PLABEL21,1,,
PLABEL22,PLABEL22,1,,
PLABEL23,PLABEL23,1,,
PLABEL24,PLABEL24,1,,
PLABEL25,PLABEL25,1,,
PLABEL3,PLABEL3,1,,
PLABEL4,PLABEL4,1,,
PLABEL5,PLABEL5,1,,
PLABEL8,PLABEL8,1,,
PLABEL9,PLABEL9,1,,
"Q1, Q2",SOT95P240X115-3N,2,SS8050-G,C2150
R1_2,0603,1,R_0603_1608Metric,C25531
"R1, R2",0603-NO,2,R,C25531
R10,0402,1,22.1K(5%),C43473
R11,0402,1,47.5k(5%),C25896
"R12, R14, R16, R9",0402,4,2k(5%),C4109
"R13, R15, R7",0402,3,10k(5%)(NC),C25531
R3,0402,1,R,C15401
"R4, R5",0603-NO,2,10k(5%),C15401
R6,0603-NO,1,0R(5%),C25531
R8,0402,1,0R(5%),C25531
SJ1,SOLDERJUMPER_2WAY_OPEN_NOPASTE,1,,
SJ2,SOLDERJUMPER_ARROW_NOPASTE,1,,
SJ3,SOLDERJUMPER_CLOSEDWIRE,1,,
"SW1, SW2",SW_SPST_B3U-1000P,2,SW_Push,C128937
TP1,TESTPOINT_ROUND_1.5MM,1,,
"U$1, U$17",MOUNTINGHOLE_3.0_PLATEDTHIN,2,MOUNTINGHOLE3.0THIN,
U1,SOT23-5,1,,C469895
U2,SOT23-5,1,,C469895
U3,ESP32-WROOM-32,1,,
X1,OV2640FSL,1,,C53207221
,,1,,C5274290