Designator,Mid X,Mid Y,Rotation,Layer
C1,1.27,16.256,270.0,top
C10,5.2705,18.923,180.0,top
C11,12.446,19.05,90.0,top
C12,1.524,19.558,90.0,top
C13,5.334,20.8915,180.0,top
C14,22.225,-2.354,270.0,top
C15,21.336,-9.326,180.0,top
C16,20.856,-6.151,180.0,top
C17,16.825,-14.83,270.0,top
C18,20.828,-5.008,180.0,top
C19,22.95,-7.225,90.0,top
C2,20.3835,16.51,180.0,top
C20,22.225,1.075,90.0,top
C21,20.828,-7.294,180.0,top
C22,-0.3,-13.625,270.0,top
C3,16.637,19.05,90.0,top
C4,2.794,12.827,90.0,top
C5,15.875,15.367,90.0,top
C6,8.9535,11.8745,180.0,top
C7,14.2875,15.367,90.0,top
C8,12.7,15.367,90.0,top
C9,14.732,19.05,90.0,top
D1,19.812,23.749,270.0,top
D2,20.447,-2.3665,90.0,top
D3,9.225,-13.26,90.0,top
D4,7.275,-13.285,90.0,top
D5,5.25,-13.26,90.0,top
D6,4.462,-10.05,0.0,top
D7,13.95,-2.075,270.0,top
FB1,17.8435,15.494,270.0,top
FID1,1.27,28.956,0.0,top
FID2,20.7645,26.416,0.0,top
FID3,16.9545,34.417,0.0,bottom
FID4,5.969,34.2265,0.0,bottom
IC1,11.45,-5.75,0.0,top
IC2,3.175,-0.55,270.0,top
J1,10.65,-20.9,0.0,top
JP1,11.43,8.89,0.0,bottom
LED1,25.015,38.04985273719376,300.0,top
LED2,-2.66,37.85014726280624,60.0,top
OSC1,4.445,16.129,0.0,top
PLABEL0,18.9865,24.384,0.0,top
PLABEL1,10.4775,13.7795,90.0,top
PLABEL10,6.223,7.366,0.0,bottom
PLABEL11,8.763,7.366,0.0,bottom
PLABEL12,11.303,7.366,0.0,bottom
PLABEL13,13.843,7.366,0.0,bottom
PLABEL14,16.383,7.366,0.0,bottom
PLABEL15,18.923,7.366,0.0,bottom
PLABEL16,21.463,7.366,0.0,bottom
PLABEL17,21.463,5.842,0.0,bottom
PLABEL18,18.923,5.842,0.0,bottom
PLABEL19,16.383,5.842,0.0,bottom
PLABEL2,7.874,13.9065,90.0,top
PLABEL20,13.843,5.842,0.0,bottom
PLABEL21,11.303,5.842,0.0,bottom
PLABEL22,8.763,5.842,0.0,bottom
PLABEL23,6.223,5.842,0.0,bottom
PLABEL24,3.683,5.842,0.0,bottom
PLABEL25,1.143,5.842,0.0,bottom
PLABEL3,9.144,17.7165,0.0,top
PLABEL4,6.1595,10.4775,0.0,top
PLABEL5,16.0655,21.7805,90.0,top
PLABEL8,1.0795,7.239,0.0,bottom
PLABEL9,3.683,7.366,0.0,bottom
Q1,21.175,-15.275,90.0,top
Q2,14.35,-13.95,270.0,top
R1_2,27.375,34.1,0.0,top
R1,19.939,22.225,180.0,top
R10,21.1,-20.685,90.0,top
R11,0.99,-7.130002,0.0,top
R12,23.375,-9.575,270.0,top
R13,0.986,-5.987002,0.0,top
R14,0.988,-8.400002,0.0,top
R15,0.99,-9.797002,0.0,top
R16,10.025,-0.715,270.0,top
R2,20.5105,14.859,180.0,top
R3,20.65,1.315,270.0,top
R4,20.5105,13.2715,180.0,top
R5,4.318,12.827,270.0,top
R6,1.016,12.827,90.0,top
R7,10.807,-13.233,270.0,top
R8,11.95,-13.235,270.0,top
R9,11.575,-0.79,270.0,top
SJ1,9.144,16.0655,180.0,top
SJ2,6.096,12.827,90.0,top
SJ3,17.399,23.114,270.0,top
SW1,16.95,-8.325,180.0,top
SW2,2.125,-14.325,180.0,top
TP1,16.51,11.43,0.0,top
U$1,26.075,31.15,0.0,bottom
U$17,-2.775,31.0,0.0,bottom
U1,9.271,20.066,90.0,top
U2,19.812,19.304,90.0,top
U3,8.74,-7.55,270.0,bottom
X1,11.025,43.25925,0.0,top
